{
    "omnivore": {
        "average_score": 0.020327547644159057,
        "boxplot": {
            "min": -0.812328343836641,
            "q1": -0.35071724427491047,
            "median": -0.07135528443124978,
            "q3": 0.5294840178404203,
            "max": 0.7402595903913498
        },
        "skills": {
            "M5": {
                "average_score": 0.18528709109628433,
                "boxplot": {
                    "min": -0.7610093439281109,
                    "q1": -0.12192511417251461,
                    "median": 0.36726959857872266,
                    "q3": 0.45255344437314093,
                    "max": 0.9309568836846824
                }
            },
            "M2": {
                "average_score": 0.34888691684349116,
                "boxplot": {
                    "min": -0.838745487595769,
                    "q1": 0.242448470551187,
                    "median": 0.5306771288308538,
                    "q3": 0.6032210349635807,
                    "max": 0.9447597508236161
                }
            },
            "R16": {
                "average_score": 0.45124922975717047,
                "boxplot": {
                    "min": -0.716537327439008,
                    "q1": 0.40667825313128314,
                    "median": 0.533546396199052,
                    "q3": 0.5943265759267382,
                    "max": 0.9383121478921641
                }
            },
            "M1": {
                "average_score": 0.8622095847304501,
                "boxplot": {
                    "min": -0.622536277910277,
                    "q1": 0.922857113590824,
                    "median": 0.9489487538433138,
                    "q3": 0.9570417784834778,
                    "max": 0.9613805765113774
                }
            },
            "M4": {
                "average_score": 0.5972763711392821,
                "boxplot": {
                    "min": -0.8285473231551032,
                    "q1": 0.6254418572589672,
                    "median": 0.703101539039765,
                    "q3": 0.7343173976119693,
                    "max": 0.9387476226204654
                }
            },
            "M3": {
                "average_score": 0.21465626727034662,
                "boxplot": {
                    "min": -0.6529687678311011,
                    "q1": -0.09368833564205067,
                    "median": 0.2935151866305753,
                    "q3": 0.5134448963035387,
                    "max": 0.8975478072480432
                }
            },
            "R18": {
                "average_score": 0.3857834159565303,
                "boxplot": {
                    "min": -0.5991564435639256,
                    "q1": 0.30279036864230374,
                    "median": 0.5094414741949319,
                    "q3": 0.5678732018283361,
                    "max": 0.6790830097806813
                }
            },
            "A8": {
                "average_score": 0.3166317361560179,
                "boxplot": {
                    "min": -0.5895273930465658,
                    "q1": 0.205487297107632,
                    "median": 0.36674935492758987,
                    "q3": 0.5092364493087831,
                    "max": 0.8601640466933236
                }
            },
            "R19": {
                "average_score": 0.012499571507909153,
                "boxplot": {
                    "min": -0.852922355885933,
                    "q1": -0.26422447585940245,
                    "median": 0.07356664127019058,
                    "q3": 0.22259313373933037,
                    "max": 0.8723553016296175
                }
            }
        }
    },
    "slowfast": {
        "average_score": -0.008188344051336824,
        "boxplot": {
            "min": -0.6958428596169034,
            "q1": -0.34381000689066615,
            "median": -0.03194466564259812,
            "q3": 0.30629336153288317,
            "max": 0.6439980270108309
        },
        "skills": {
            "M1": {
                "average_score": 0.6437968171326669,
                "boxplot": {
                    "min": -0.6658431073365765,
                    "q1": 0.616646856368119,
                    "median": 0.7341638862112103,
                    "q3": 0.8081536851243902,
                    "max": 0.9192940722233051
                }
            }
        }
    },
    "avion": {
        "average_score": -0.09472591423822556,
        "boxplot": {
            "min": -0.7408810657438294,
            "q1": -0.30074080272247966,
            "median": -0.12069984216748154,
            "q3": 0.0425330538401832,
            "max": 0.558778120802532
        },
        "skills": {}
    }
}