{
    "omnivore": {
        "average_score": 0.3343705238432033,
        "boxplot": {
            "min": -0.837236732499661,
            "q1": 0.1251847314945598,
            "median": 0.49377709860011026,
            "q3": 0.5997312850911467,
            "max": 0.8324265743587134
        },
        "skills": {
            "M5": {
                "average_score": 0.7024007980228504,
                "boxplot": {
                    "min": -0.03159626411560636,
                    "q1": 0.6356886180621936,
                    "median": 0.7207571190613571,
                    "q3": 0.8395393699604674,
                    "max": 0.9788655069561085
                }
            },
            "M2": {
                "average_score": 0.7765444783054111,
                "boxplot": {
                    "min": 0.06769536221432462,
                    "q1": 0.7607543788127825,
                    "median": 0.8249225378293661,
                    "q3": 0.8631072215336031,
                    "max": 0.9602708741103807
                }
            },
            "R16": {
                "average_score": 0.915842132917656,
                "boxplot": {
                    "min": 0.8468320720548907,
                    "q1": 0.8974215635814898,
                    "median": 0.9192065667268838,
                    "q3": 0.9276551090133822,
                    "max": 0.9683091216303665
                }
            },
            "M1": {
                "average_score": 0.7982999911370047,
                "boxplot": {
                    "min": 0.28189594730087597,
                    "q1": 0.710680295086631,
                    "median": 0.8018444461066929,
                    "q3": 0.901170030572869,
                    "max": 0.9724812778720743
                }
            },
            "M4": {
                "average_score": 0.7501806034196287,
                "boxplot": {
                    "min": -0.08872163814395047,
                    "q1": 0.7382089393276505,
                    "median": 0.7814990696200919,
                    "q3": 0.8580157184917927,
                    "max": 0.99718142897304
                }
            },
            "M3": {
                "average_score": 0.5256375612812527,
                "boxplot": {
                    "min": -0.12077371967482116,
                    "q1": 0.22328035544581268,
                    "median": 0.49301843817642976,
                    "q3": 0.8640257935951704,
                    "max": 0.970777284950442
                }
            },
            "R18": {
                "average_score": 0.6691869127577769,
                "boxplot": {
                    "min": 0.03256678440406472,
                    "q1": 0.6285495043731472,
                    "median": 0.712520816684431,
                    "q3": 0.7459602022821269,
                    "max": 0.9892962469330298
                }
            },
            "A8": {
                "average_score": 0.9054772882023173,
                "boxplot": {
                    "min": 0.8131096289042752,
                    "q1": 0.890477994585238,
                    "median": 0.9086653553183298,
                    "q3": 0.9223454394636362,
                    "max": 0.9898795902333732
                }
            },
            "R19": {
                "average_score": 0.826719791923443,
                "boxplot": {
                    "min": 0.6035669237197233,
                    "q1": 0.7610670119773113,
                    "median": 0.8200503054170323,
                    "q3": 0.9141395288641817,
                    "max": 0.9767632851532927
                }
            }
        }
    },
    "slowfast": {
        "average_score": 0.055421592784090465,
        "boxplot": {
            "min": -0.8389796632081347,
            "q1": -0.44304072184913085,
            "median": -0.06937055965743863,
            "q3": 0.6590090710530729,
            "max": 0.7688628144024124
        },
        "skills": {
            "M5": {
                "average_score": 0.8007032328907044,
                "boxplot": {
                    "min": 0.4618400140717029,
                    "q1": 0.7619006392710219,
                    "median": 0.8085383088604015,
                    "q3": 0.8574962451812441,
                    "max": 0.9872954270543377
                }
            },
            "M2": {
                "average_score": 0.7740799869707765,
                "boxplot": {
                    "min": -0.07190492790328201,
                    "q1": 0.7396288049625303,
                    "median": 0.7906120297430986,
                    "q3": 0.8498939534966007,
                    "max": 0.964635159065599
                }
            },
            "R16": {
                "average_score": 0.5905452386983058,
                "boxplot": {
                    "min": -0.21286425441426585,
                    "q1": 0.4993789330000376,
                    "median": 0.6147914635558052,
                    "q3": 0.8938256601255149,
                    "max": 0.9387024936302879
                }
            },
            "M1": {
                "average_score": 0.8151255163795076,
                "boxplot": {
                    "min": 0.11832561552736151,
                    "q1": 0.7222831006991585,
                    "median": 0.8169179300766902,
                    "q3": 0.9646285238218681,
                    "max": 0.9963042447063926
                }
            },
            "M4": {
                "average_score": 0.4081441167091455,
                "boxplot": {
                    "min": -0.6719824367531235,
                    "q1": 0.3191385124568038,
                    "median": 0.46116598761837946,
                    "q3": 0.536891766865125,
                    "max": 0.9818601736436297
                }
            },
            "M3": {
                "average_score": 0.704240387825835,
                "boxplot": {
                    "min": -0.018085699550091667,
                    "q1": 0.642709125678626,
                    "median": 0.7170065222149233,
                    "q3": 0.7720745818718429,
                    "max": 0.9281241678608068
                }
            },
            "R18": {
                "average_score": 0.8607702120053965,
                "boxplot": {
                    "min": 0.6183344336216213,
                    "q1": 0.8594348594150418,
                    "median": 0.8785338058541868,
                    "q3": 0.8880341661890809,
                    "max": 0.9433519848649558
                }
            },
            "A8": {
                "average_score": 0.6682633046410181,
                "boxplot": {
                    "min": 0.006943465275968058,
                    "q1": 0.6325777845368364,
                    "median": 0.7029275413401099,
                    "q3": 0.7400566006039931,
                    "max": 0.8191108821405673
                }
            },
            "R19": {
                "average_score": 0.7816670888358115,
                "boxplot": {
                    "min": -0.08328247363122669,
                    "q1": 0.7270431489129653,
                    "median": 0.8012477093856929,
                    "q3": 0.8361794039660229,
                    "max": 0.9765894245477872
                }
            }
        }
    },
    "avion": {
        "average_score": -0.08585715896142496,
        "boxplot": {
            "min": -0.7743037790586648,
            "q1": -0.256955191717742,
            "median": -0.1027999207014224,
            "q3": 0.09394225552428716,
            "max": 0.40227745254261427
        },
        "skills": {
            "M5": {
                "average_score": 0.19090144121691371,
                "boxplot": {
                    "min": -0.5990412526102266,
                    "q1": -0.11762108591159559,
                    "median": 0.09697922794449762,
                    "q3": 0.6910569314892694,
                    "max": 0.8677978976048418
                }
            },
            "M2": {
                "average_score": -0.07169121441020977,
                "boxplot": {
                    "min": -0.7672178991955192,
                    "q1": -0.39408127194758136,
                    "median": -0.06539116401932267,
                    "q3": 0.1654197825585279,
                    "max": 0.9564714079027236
                }
            },
            "R16": {
                "average_score": 0.6464818943726466,
                "boxplot": {
                    "min": -0.34825165166402333,
                    "q1": 0.5602467588290259,
                    "median": 0.6705478797525373,
                    "q3": 0.7399069887103567,
                    "max": 0.9758207758368872
                }
            },
            "M1": {
                "average_score": 0.747950915396095,
                "boxplot": {
                    "min": -0.13898360614807576,
                    "q1": 0.569355392391262,
                    "median": 0.8932850107744899,
                    "q3": 0.933204980539071,
                    "max": 0.9930930482420859
                }
            },
            "M4": {
                "average_score": 0.12651243002733148,
                "boxplot": {
                    "min": -0.8053003981471182,
                    "q1": -0.07111272809607465,
                    "median": 0.23908749348997502,
                    "q3": 0.37764475825328014,
                    "max": 0.9477190743386851
                }
            },
            "M3": {
                "average_score": -0.01565154430622158,
                "boxplot": {
                    "min": -0.7935125771026595,
                    "q1": -0.2869113830853655,
                    "median": 0.003220408536254721,
                    "q3": 0.23975339514263713,
                    "max": 0.9307158605885618
                }
            },
            "R18": {
                "average_score": 0.38135840164679147,
                "boxplot": {
                    "min": -0.700729285742212,
                    "q1": 0.2557625906054023,
                    "median": 0.4607222082102901,
                    "q3": 0.5359923778019404,
                    "max": 0.8650434768068934
                }
            },
            "A8": {
                "average_score": 0.34861249718942394,
                "boxplot": {
                    "min": -0.7809484561307668,
                    "q1": 0.21157478794707305,
                    "median": 0.41445222462437104,
                    "q3": 0.47096499671567815,
                    "max": 0.946883409003924
                }
            },
            "R19": {
                "average_score": 0.0052354951740984906,
                "boxplot": {
                    "min": -0.7826908064108408,
                    "q1": -0.29415476898527,
                    "median": -0.14615841463811316,
                    "q3": 0.21264378288250302,
                    "max": 0.8751456729452741
                }
            }
        }
    }
}