{
    "omnivore": {
        "average_score": 0.11586185767699353,
        "boxplot": {
            "min": -0.7089620427280873,
            "q1": -0.18062965983748563,
            "median": 0.16584202113233062,
            "q3": 0.45000095982587845,
            "max": 0.6578222000579298
        },
        "skills": {
            "M2": {
                "average_score": 0.9675342716678923,
                "boxplot": {
                    "min": 0.9233338923149399,
                    "q1": 0.954721512794057,
                    "median": 0.9660145484293591,
                    "q3": 0.9931595867147424,
                    "max": 0.9959694736082615
                }
            },
            "R16": {
                "average_score": 0.9481080430345942,
                "boxplot": {
                    "min": 0.8542318684358803,
                    "q1": 0.9056115043417157,
                    "median": 0.9788593505461443,
                    "q3": 0.9888175949829605,
                    "max": 0.9913978579132546
                }
            },
            "M1": {
                "average_score": 0.8511732873943076,
                "boxplot": {
                    "min": 0.6658169084292714,
                    "q1": 0.7887897469855923,
                    "median": 0.8247200839739981,
                    "q3": 0.9848040447393264,
                    "max": 0.994846306724854
                }
            },
            "M4": {
                "average_score": 0.9198791114528196,
                "boxplot": {
                    "min": 0.8863645754553099,
                    "q1": 0.9021201870515065,
                    "median": 0.9186669423700838,
                    "q3": 0.9385840535685326,
                    "max": 0.9509716551303742
                }
            },
            "M3": {
                "average_score": 0.8993844774546066,
                "boxplot": {
                    "min": 0.7174240397281781,
                    "q1": 0.8601272247335643,
                    "median": 0.9037196816932384,
                    "q3": 0.9644034612861341,
                    "max": 0.9945379271026219
                }
            },
            "R18": {
                "average_score": 0.9629676544932786,
                "boxplot": {
                    "min": 0.9414567335166227,
                    "q1": 0.9579411808372604,
                    "median": 0.9654630786561762,
                    "q3": 0.9719905098050522,
                    "max": 0.9759840236455796
                }
            },
            "R19": {
                "average_score": 0.9898890265528337,
                "boxplot": {
                    "min": 0.9869876338165029,
                    "q1": 0.9876122724196748,
                    "median": 0.9908644962602511,
                    "q3": 0.9919557111889437,
                    "max": 0.9932245008822861
                }
            }
        }
    },
    "slowfast": {
        "average_score": 0.16380980516253874,
        "boxplot": {
            "min": -0.744887580015702,
            "q1": -0.16710591829298682,
            "median": 0.277721822354953,
            "q3": 0.5294975988628303,
            "max": 0.6728096766393569
        },
        "skills": {
            "M5": {
                "average_score": 0.954794260065762,
                "boxplot": {
                    "min": 0.9320138392653541,
                    "q1": 0.9511464963635794,
                    "median": 0.9601529079516457,
                    "q3": 0.9607691282967832,
                    "max": 0.9647684415133817
                }
            },
            "R16": {
                "average_score": 0.8960910237980642,
                "boxplot": {
                    "min": 0.7359081261418899,
                    "q1": 0.8732037475720855,
                    "median": 0.8972421966056319,
                    "q3": 0.9158419647543188,
                    "max": 0.9955757511420517
                }
            },
            "M1": {
                "average_score": 0.7688403998443346,
                "boxplot": {
                    "min": -0.2207049668256016,
                    "q1": 0.5312044110100409,
                    "median": 0.9164545909550031,
                    "q3": 0.94398546307417,
                    "max": 0.9930603361101114
                }
            },
            "M4": {
                "average_score": 0.9603563009951771,
                "boxplot": {
                    "min": 0.9296375159064764,
                    "q1": 0.9555672572599092,
                    "median": 0.9621244378180493,
                    "q3": 0.9717245012714399,
                    "max": 0.9769563410942265
                }
            },
            "M3": {
                "average_score": 0.9574181520531451,
                "boxplot": {
                    "min": 0.9055178539134657,
                    "q1": 0.9292572258906824,
                    "median": 0.9599220168018778,
                    "q3": 0.9775062842643082,
                    "max": 0.9957841500474695
                }
            },
            "R18": {
                "average_score": 0.9335363011719896,
                "boxplot": {
                    "min": 0.7743519176117731,
                    "q1": 0.9097586627175558,
                    "median": 0.9494159671600781,
                    "q3": 0.9754014383672932,
                    "max": 0.9941876630838657
                }
            },
            "A8": {
                "average_score": 0.9599690188078791,
                "boxplot": {
                    "min": 0.9211551441386885,
                    "q1": 0.9529303569730926,
                    "median": 0.9671721078787335,
                    "q3": 0.9694296884592775,
                    "max": 0.9752098474519051
                }
            },
            "R19": {
                "average_score": 0.7847359261947255,
                "boxplot": {
                    "min": 0.15634806521067174,
                    "q1": 0.6645115410583857,
                    "median": 0.8507454877074503,
                    "q3": 0.9111702288115452,
                    "max": 0.9964368951269944
                }
            }
        }
    },
    "avion": {
        "average_score": -0.054908110303017545,
        "boxplot": {
            "min": -0.7232528551425251,
            "q1": -0.24047682401236034,
            "median": -0.07854269809536044,
            "q3": 0.08429207846976598,
            "max": 0.49179919881961753
        },
        "skills": {
            "M1": {
                "average_score": 0.8804665645920765,
                "boxplot": {
                    "min": 0.6327353942756043,
                    "q1": 0.7772358018363774,
                    "median": 0.9404082185142077,
                    "q3": 0.9579644482446895,
                    "max": 0.9836478458236487
                }
            }
        }
    }
}