{
    "omnivore": {
        "average_score": 0.08764485639855217,
        "boxplot": {
            "min": -0.7512013954805191,
            "q1": -0.21342181420518677,
            "median": 0.085954737658329,
            "q3": 0.4217633377164434,
            "max": 0.7090885883513116
        },
        "skills": {
            "M5": {
                "average_score": 0.8389554670732831,
                "boxplot": {
                    "min": -0.3801932388857533,
                    "q1": 0.7845761314585027,
                    "median": 0.8720599370531725,
                    "q3": 0.9344046828508767,
                    "max": 0.9939086970492861
                }
            },
            "M2": {
                "average_score": 0.8072101452548982,
                "boxplot": {
                    "min": -0.1803018963162861,
                    "q1": 0.7549444682851164,
                    "median": 0.858265458883718,
                    "q3": 0.9149848026886517,
                    "max": 0.974774345396912
                }
            },
            "R16": {
                "average_score": 0.7738731818701121,
                "boxplot": {
                    "min": -0.11330719439392466,
                    "q1": 0.6901077580890687,
                    "median": 0.8025529056116001,
                    "q3": 0.8835246371454165,
                    "max": 0.9835615907462869
                }
            },
            "M1": {
                "average_score": 0.749131730862548,
                "boxplot": {
                    "min": -0.277181303244486,
                    "q1": 0.6541317084264424,
                    "median": 0.7982705708650379,
                    "q3": 0.8926434426500232,
                    "max": 0.9806759007294903
                }
            },
            "M4": {
                "average_score": 0.8332961425147135,
                "boxplot": {
                    "min": 0.05616802829247007,
                    "q1": 0.7849343768499779,
                    "median": 0.8845467779963458,
                    "q3": 0.9270878352967152,
                    "max": 0.9826338249261506
                }
            },
            "M3": {
                "average_score": 0.783384429076719,
                "boxplot": {
                    "min": -0.2951307152805139,
                    "q1": 0.7193001073363209,
                    "median": 0.8115227717224403,
                    "q3": 0.8984187394562143,
                    "max": 0.9809179042178798
                }
            },
            "R18": {
                "average_score": 0.7914345945304334,
                "boxplot": {
                    "min": -0.034767607478159,
                    "q1": 0.7329201664101266,
                    "median": 0.8366130585550391,
                    "q3": 0.9027639805355467,
                    "max": 0.9856083481964228
                }
            },
            "A8": {
                "average_score": 0.7651591930898394,
                "boxplot": {
                    "min": -0.33419500542863056,
                    "q1": 0.6615422332931413,
                    "median": 0.8343861924180028,
                    "q3": 0.8893151785404305,
                    "max": 0.9868189663224898
                }
            },
            "R19": {
                "average_score": 0.7876310226589546,
                "boxplot": {
                    "min": -0.21207152375375976,
                    "q1": 0.7429901054193611,
                    "median": 0.829316965015546,
                    "q3": 0.8762180907209642,
                    "max": 0.9674450341371047
                }
            }
        }
    },
    "slowfast": {
        "average_score": 0.178107713129146,
        "boxplot": {
            "min": -0.7181226763497999,
            "q1": -0.0932223214358154,
            "median": 0.27306098322701944,
            "q3": 0.4941728232946766,
            "max": 0.6454541523474787
        },
        "skills": {
            "M5": {
                "average_score": 0.84896404751346,
                "boxplot": {
                    "min": 0.30350807126339796,
                    "q1": 0.7907579425937551,
                    "median": 0.8784064196436877,
                    "q3": 0.9295637701148176,
                    "max": 0.9953950785410968
                }
            },
            "M2": {
                "average_score": 0.8195513840579915,
                "boxplot": {
                    "min": -0.14016063064780296,
                    "q1": 0.7582707537255079,
                    "median": 0.8618940841773769,
                    "q3": 0.9279295079109365,
                    "max": 0.9965002561867073
                }
            },
            "R16": {
                "average_score": 0.7565331991601995,
                "boxplot": {
                    "min": -0.1322103109933095,
                    "q1": 0.6958971358203689,
                    "median": 0.7996390267039944,
                    "q3": 0.8897912334573697,
                    "max": 0.9869549101889087
                }
            },
            "M1": {
                "average_score": 0.7163054691196753,
                "boxplot": {
                    "min": -0.3560432745888204,
                    "q1": 0.6235505492415536,
                    "median": 0.7801494772855928,
                    "q3": 0.888653209214206,
                    "max": 0.995374720657109
                }
            },
            "M4": {
                "average_score": 0.8688811119219402,
                "boxplot": {
                    "min": -0.1843470282355506,
                    "q1": 0.8353536902424427,
                    "median": 0.9025754841795137,
                    "q3": 0.9369641355499703,
                    "max": 0.9906908565196351
                }
            },
            "M3": {
                "average_score": 0.7912177551561322,
                "boxplot": {
                    "min": -0.3606127821461264,
                    "q1": 0.7236790934066221,
                    "median": 0.8311910813933986,
                    "q3": 0.9034663664706746,
                    "max": 0.9918017907272512
                }
            },
            "R18": {
                "average_score": 0.8015813125739343,
                "boxplot": {
                    "min": -0.05637584825080562,
                    "q1": 0.7275211557767015,
                    "median": 0.8302291836530115,
                    "q3": 0.8989474683890748,
                    "max": 0.9945738869781204
                }
            },
            "A8": {
                "average_score": 0.753386962267225,
                "boxplot": {
                    "min": -0.05807587274662379,
                    "q1": 0.678433521428368,
                    "median": 0.7864095851510657,
                    "q3": 0.8746101745867565,
                    "max": 0.9719522295632933
                }
            },
            "R19": {
                "average_score": 0.7737637955096047,
                "boxplot": {
                    "min": -0.08895647895678618,
                    "q1": 0.7160686946565928,
                    "median": 0.8121390178238875,
                    "q3": 0.8884038085860124,
                    "max": 0.9928712369313905
                }
            }
        }
    },
    "avion": {
        "average_score": -0.055290113556809815,
        "boxplot": {
            "min": -0.6980311787731124,
            "q1": -0.2194010849794793,
            "median": -0.05825123629845536,
            "q3": 0.09201907069738348,
            "max": 0.4475983197501301
        },
        "skills": {
            "M5": {
                "average_score": 0.8343262786482777,
                "boxplot": {
                    "min": -0.2810320259857057,
                    "q1": 0.7304253522869513,
                    "median": 0.8922531010900547,
                    "q3": 0.9853675999524438,
                    "max": 0.9981479405479254
                }
            },
            "M2": {
                "average_score": 0.9709221840255252,
                "boxplot": {
                    "min": 0.9206729072312066,
                    "q1": 0.9587213068665021,
                    "median": 0.973456660945221,
                    "q3": 0.9853062379361235,
                    "max": 0.9969881941123968
                }
            },
            "R16": {
                "average_score": 0.8088697406116853,
                "boxplot": {
                    "min": 0.16645768958637658,
                    "q1": 0.7357571412664448,
                    "median": 0.8382290807280518,
                    "q3": 0.9145766002021932,
                    "max": 0.9962071657209887
                }
            },
            "M1": {
                "average_score": 0.7236431658026395,
                "boxplot": {
                    "min": -0.561193060519138,
                    "q1": 0.6630009097599483,
                    "median": 0.812272540077052,
                    "q3": 0.88486289823933,
                    "max": 0.9984472424089793
                }
            },
            "M4": {
                "average_score": 0.9593231004887417,
                "boxplot": {
                    "min": 0.8542857532982513,
                    "q1": 0.94182080294497,
                    "median": 0.9675397832134158,
                    "q3": 0.9809630503289057,
                    "max": 0.996922328051377
                }
            },
            "M3": {
                "average_score": 0.9443249346880754,
                "boxplot": {
                    "min": 0.6982073898908242,
                    "q1": 0.9124578471393758,
                    "median": 0.9628732315400945,
                    "q3": 0.9828445350246273,
                    "max": 0.9942592456275501
                }
            },
            "R18": {
                "average_score": 0.8722701293906795,
                "boxplot": {
                    "min": 0.34473116446044816,
                    "q1": 0.824716749974793,
                    "median": 0.9002094746998353,
                    "q3": 0.9647173851463728,
                    "max": 0.9979907374091369
                }
            },
            "A8": {
                "average_score": 0.8497124557453737,
                "boxplot": {
                    "min": 0.10648697725387064,
                    "q1": 0.8124231555582919,
                    "median": 0.8947770538040337,
                    "q3": 0.9366339106131587,
                    "max": 0.9950379437298638
                }
            },
            "R19": {
                "average_score": 0.8056361595821249,
                "boxplot": {
                    "min": -0.4577191719160676,
                    "q1": 0.7379201150273113,
                    "median": 0.8638851522680078,
                    "q3": 0.940220463396595,
                    "max": 0.9901500594005028
                }
            }
        }
    }
}