{
    "omnivore": {
        "average_score": 0.024067338771891163,
        "boxplot": {
            "min": -0.7232900432627165,
            "q1": -0.2321477311662213,
            "median": -0.007902213565605713,
            "q3": 0.30185136299575605,
            "max": 0.6607632145887654
        },
        "skills": {
            "M5": {
                "average_score": 0.4323810904407558,
                "boxplot": {
                    "min": -0.5833905167152775,
                    "q1": 0.32107719892522246,
                    "median": 0.5115790760109346,
                    "q3": 0.6063048705537061,
                    "max": 0.9185515252878782
                }
            },
            "M2": {
                "average_score": 0.30587223131720104,
                "boxplot": {
                    "min": -0.8879751536696269,
                    "q1": 0.18709060296909072,
                    "median": 0.4235659138471346,
                    "q3": 0.5193522094803215,
                    "max": 0.8771142462265391
                }
            },
            "R16": {
                "average_score": 0.3539414599289231,
                "boxplot": {
                    "min": -0.6700205045283333,
                    "q1": 0.23518395640575868,
                    "median": 0.46872757732283177,
                    "q3": 0.5604434285586449,
                    "max": 0.8462182173279256
                }
            },
            "M1": {
                "average_score": 0.5798203495521446,
                "boxplot": {
                    "min": -0.7303919219019279,
                    "q1": 0.4642181244862882,
                    "median": 0.7243328043287214,
                    "q3": 0.7734264701270772,
                    "max": 0.91825849014807
                }
            },
            "M4": {
                "average_score": 0.5541641731095032,
                "boxplot": {
                    "min": -0.8022553723131473,
                    "q1": 0.5337001401455979,
                    "median": 0.6586053845789663,
                    "q3": 0.702409388567291,
                    "max": 0.9309320577459533
                }
            },
            "M3": {
                "average_score": -0.22319934708394013,
                "boxplot": {
                    "min": -0.9136740796125133,
                    "q1": -0.4286043122404557,
                    "median": -0.2613052622471342,
                    "q3": -0.06325548853561325,
                    "max": 0.9417735623356064
                }
            },
            "R18": {
                "average_score": -0.2710526450926891,
                "boxplot": {
                    "min": -0.9011690321409295,
                    "q1": -0.5737327653777586,
                    "median": -0.32522104033302895,
                    "q3": -0.06932976463197585,
                    "max": 0.9305842647619879
                }
            },
            "A8": {
                "average_score": -0.493951706633078,
                "boxplot": {
                    "min": -0.8864823885035833,
                    "q1": -0.644980800937727,
                    "median": -0.5340519245901354,
                    "q3": -0.41058661280110365,
                    "max": 0.9429980463187628
                }
            },
            "R19": {
                "average_score": -0.3227498109608761,
                "boxplot": {
                    "min": -0.8982386147266924,
                    "q1": -0.6207943793741628,
                    "median": -0.3749340296013317,
                    "q3": -0.053320261114316814,
                    "max": 0.9701007422471509
                }
            }
        }
    },
    "slowfast": {
        "average_score": 0.013223692203948003,
        "boxplot": {
            "min": -0.7094739541992824,
            "q1": -0.32088338599993105,
            "median": 0.003560593565226742,
            "q3": 0.3646606129584269,
            "max": 0.6542839644591476
        },
        "skills": {
            "M1": {
                "average_score": 0.7239127307041364,
                "boxplot": {
                    "min": -0.5550699153729395,
                    "q1": 0.6883109027683014,
                    "median": 0.771371892382057,
                    "q3": 0.8387117081411213,
                    "max": 0.8903442240045305
                }
            },
            "M4": {
                "average_score": 0.8376197413846472,
                "boxplot": {
                    "min": 0.48448991754524867,
                    "q1": 0.8055993557432581,
                    "median": 0.8748930957845873,
                    "q3": 0.9101037065847076,
                    "max": 0.9522425473832947
                }
            }
        }
    },
    "avion": {
        "average_score": -0.07515497880033001,
        "boxplot": {
            "min": -0.6968791055204903,
            "q1": -0.260670065821256,
            "median": -0.11112898710232527,
            "q3": 0.01799604649722534,
            "max": 0.5918103063399834
        },
        "skills": {}
    }
}