{
    "omnivore": {
        "average_score": 0.2943086209934163,
        "boxplot": {
            "min": -0.8381617016184743,
            "q1": -0.07055969379165002,
            "median": 0.46754933324516157,
            "q3": 0.6174473784959177,
            "max": 0.757501260683676
        },
        "skills": {
            "M5": {
                "average_score": 0.6749468120227832,
                "boxplot": {
                    "min": -0.2965518609054861,
                    "q1": 0.6699235556001364,
                    "median": 0.7443094656344043,
                    "q3": 0.775412864504539,
                    "max": 0.9995948243208146
                }
            },
            "M2": {
                "average_score": 0.7105046191588313,
                "boxplot": {
                    "min": -0.7642911726643854,
                    "q1": 0.7120257947383422,
                    "median": 0.7642845821787085,
                    "q3": 0.8054555436552344,
                    "max": 0.9831374092665458
                }
            },
            "R16": {
                "average_score": 0.370794962979253,
                "boxplot": {
                    "min": -0.5434134879987093,
                    "q1": 0.242456368085623,
                    "median": 0.4136690410867929,
                    "q3": 0.5089703333117588,
                    "max": 0.9963573417672236
                }
            },
            "M1": {
                "average_score": 0.7009425375932398,
                "boxplot": {
                    "min": -0.5865276386897951,
                    "q1": 0.6650687408196255,
                    "median": 0.7584935109103264,
                    "q3": 0.8866252838994674,
                    "max": 0.9995907051880301
                }
            },
            "M4": {
                "average_score": 0.6278611009168558,
                "boxplot": {
                    "min": -0.1787097529932768,
                    "q1": 0.5615136558512956,
                    "median": 0.657806719815279,
                    "q3": 0.7561196150814943,
                    "max": 0.8245241652905256
                }
            },
            "M3": {
                "average_score": 0.4200707114242612,
                "boxplot": {
                    "min": -0.32485400350917704,
                    "q1": 0.08743658728598486,
                    "median": 0.3699616326298678,
                    "q3": 0.8170756915242838,
                    "max": 0.9879194786223188
                }
            },
            "R18": {
                "average_score": 0.5340101872169289,
                "boxplot": {
                    "min": 0.06348000096167405,
                    "q1": 0.40398729731794014,
                    "median": 0.5588797668729508,
                    "q3": 0.620693711150376,
                    "max": 0.994302212172306
                }
            },
            "A8": {
                "average_score": 0.47197591356155877,
                "boxplot": {
                    "min": -0.7033230249331814,
                    "q1": 0.49267440866502055,
                    "median": 0.626065366334714,
                    "q3": 0.659704796644359,
                    "max": 0.8634209454139367
                }
            },
            "R19": {
                "average_score": 0.7767190453713675,
                "boxplot": {
                    "min": 0.5915832628766639,
                    "q1": 0.7360218201557015,
                    "median": 0.7826948430401085,
                    "q3": 0.8204564191177497,
                    "max": 0.9918103054018764
                }
            }
        }
    },
    "slowfast": {
        "average_score": 0.13525146391783824,
        "boxplot": {
            "min": -0.7452138140411034,
            "q1": -0.17946951813817744,
            "median": 0.22459670345850963,
            "q3": 0.384225631845013,
            "max": 0.7419396138349365
        },
        "skills": {
            "M5": {
                "average_score": 0.5931712260443437,
                "boxplot": {
                    "min": -0.3942948958215532,
                    "q1": 0.43565696171494867,
                    "median": 0.5556103539226658,
                    "q3": 0.914516315375324,
                    "max": 0.9963910214727547
                }
            },
            "M2": {
                "average_score": 0.7088921461571477,
                "boxplot": {
                    "min": -0.47113943245994505,
                    "q1": 0.654406138680945,
                    "median": 0.7479291846958588,
                    "q3": 0.7955808494825348,
                    "max": 0.9998850225042091
                }
            },
            "R16": {
                "average_score": 0.6059440914979336,
                "boxplot": {
                    "min": -0.11230927439898865,
                    "q1": 0.4884603604444418,
                    "median": 0.5855606356671426,
                    "q3": 0.6461580422051475,
                    "max": 0.9991520573434163
                }
            },
            "M1": {
                "average_score": 0.7593656078031474,
                "boxplot": {
                    "min": -0.7430049128687894,
                    "q1": 0.6929560182187002,
                    "median": 0.8629885727107699,
                    "q3": 0.9142802027790777,
                    "max": 0.9887557422927755
                }
            },
            "M4": {
                "average_score": 0.20829860915761236,
                "boxplot": {
                    "min": -0.7335858965027716,
                    "q1": 0.07392597855981867,
                    "median": 0.2648140692547237,
                    "q3": 0.386448365548308,
                    "max": 0.9912484627299796
                }
            },
            "M3": {
                "average_score": 0.7662173056357066,
                "boxplot": {
                    "min": -0.49992436395512413,
                    "q1": 0.6830880955917568,
                    "median": 0.836019958688742,
                    "q3": 0.869610557290619,
                    "max": 0.9999285765667502
                }
            },
            "R18": {
                "average_score": 0.4390137430722729,
                "boxplot": {
                    "min": -0.5664697843480374,
                    "q1": 0.28475624235807373,
                    "median": 0.4471677955765368,
                    "q3": 0.5446650971159253,
                    "max": 0.999959161765698
                }
            },
            "A8": {
                "average_score": 0.7135623657759731,
                "boxplot": {
                    "min": 0.19731809168958428,
                    "q1": 0.6119559578748395,
                    "median": 0.7093195668234327,
                    "q3": 0.8928189607031342,
                    "max": 0.9741814347264187
                }
            },
            "R19": {
                "average_score": 0.8612372723868659,
                "boxplot": {
                    "min": 0.43525194392068495,
                    "q1": 0.7880973364019719,
                    "median": 0.907152217119884,
                    "q3": 0.9245038614354192,
                    "max": 0.9996691434381165
                }
            }
        }
    },
    "avion": {
        "average_score": -0.07723271426942298,
        "boxplot": {
            "min": -0.7861193108291685,
            "q1": -0.21155671893868638,
            "median": -0.06888230370533835,
            "q3": 0.07139345851823879,
            "max": 0.34449206030070717
        },
        "skills": {
            "M5": {
                "average_score": 0.11947704137723872,
                "boxplot": {
                    "min": -0.8853921467198937,
                    "q1": -0.1485068797649205,
                    "median": 0.2384189632586849,
                    "q3": 0.39939805043440213,
                    "max": 0.9999297027279624
                }
            },
            "M2": {
                "average_score": 0.2521880183251449,
                "boxplot": {
                    "min": -0.8151544217566866,
                    "q1": 0.04236189161054486,
                    "median": 0.4177208891162982,
                    "q3": 0.5123092247393312,
                    "max": 0.9182186313883148
                }
            },
            "R16": {
                "average_score": 0.20211304638837846,
                "boxplot": {
                    "min": -0.8488719318029134,
                    "q1": -0.23155269922607125,
                    "median": 0.2748361208952664,
                    "q3": 0.553887012587877,
                    "max": 0.9968106479969606
                }
            },
            "M1": {
                "average_score": 0.6993445710624706,
                "boxplot": {
                    "min": -0.4636354256946093,
                    "q1": 0.5800806868524059,
                    "median": 0.8697328520572706,
                    "q3": 0.9283094555894925,
                    "max": 0.9994816964794242
                }
            },
            "M4": {
                "average_score": 0.47683112912017356,
                "boxplot": {
                    "min": -0.7048735852945394,
                    "q1": 0.4386859450427105,
                    "median": 0.5527685920749285,
                    "q3": 0.6127478591355451,
                    "max": 0.9977557289263208
                }
            },
            "M3": {
                "average_score": 0.16195248983495555,
                "boxplot": {
                    "min": -0.8972989689663908,
                    "q1": -0.0022653070508895203,
                    "median": 0.30783438980587735,
                    "q3": 0.411427819406434,
                    "max": 0.9119560649063732
                }
            },
            "R18": {
                "average_score": 0.23447994652825238,
                "boxplot": {
                    "min": -0.7577402001991179,
                    "q1": -0.1562291146857181,
                    "median": 0.3490396666112744,
                    "q3": 0.5920117152215569,
                    "max": 0.9932349877883213
                }
            },
            "A8": {
                "average_score": 0.3610290888978546,
                "boxplot": {
                    "min": -0.735847568835695,
                    "q1": 0.2678028030285184,
                    "median": 0.4505926489584623,
                    "q3": 0.5696837089873917,
                    "max": 0.9084237524398839
                }
            },
            "R19": {
                "average_score": 0.01504539665915228,
                "boxplot": {
                    "min": -0.8318642141627675,
                    "q1": -0.2976247799516361,
                    "median": 0.02538490906850935,
                    "q3": 0.2833948972459849,
                    "max": 0.9948871120947359
                }
            }
        }
    }
}