{
    "M1": {
        "M1-4": {
            "duration_seconds": 149,
            "numberof_window_frames": 149,
            "last_IDframe": 4459,
            "total_labels": 1,
            "max_id_labels": 0,
            "unique_labels": "['No step']",
            "unique_id_labels": "[0]"
        },
        "M1-3": {
            "duration_seconds": 37,
            "numberof_window_frames": 38,
            "last_IDframe": 1002,
            "total_labels": 1,
            "max_id_labels": 0,
            "unique_labels": "['No step']",
            "unique_id_labels": "[0]"
        },
        "M1-2": {
            "duration_seconds": 145,
            "numberof_window_frames": 145,
            "last_IDframe": 4343,
            "total_labels": 1,
            "max_id_labels": 0,
            "unique_labels": "['No step']",
            "unique_id_labels": "[0]"
        },
        "M1-5": {
            "duration_seconds": 7,
            "numberof_window_frames": 8,
            "last_IDframe": 201,
            "total_labels": 1,
            "max_id_labels": 0,
            "unique_labels": "['No step']",
            "unique_id_labels": "[0]"
        },
        "M1-8": {
            "duration_seconds": 35,
            "numberof_window_frames": 36,
            "last_IDframe": 1059,
            "total_labels": 1,
            "max_id_labels": 0,
            "unique_labels": "['No step']",
            "unique_id_labels": "[0]"
        },
        "assessment_2": {
            "duration_seconds": 102,
            "numberof_window_frames": 102,
            "last_IDframe": 1525,
            "total_labels": 11,
            "max_id_labels": 13,
            "unique_labels": "['Check pulse.' 'Check skin temperature/quality.'\n 'Look Listen Feel Breathing.' 'No step' 'Rake chest.'\n 'Rake the back and buttocks.' 'Roll over casualty.' 'Sweep left arm.'\n 'Sweep left leg.' 'Sweep right arm.' 'Sweep right leg.']",
            "unique_id_labels": "[ 1  2  3  4  5  6  7  8  9 10 13]"
        },
        "assessment_1": {
            "duration_seconds": 105,
            "numberof_window_frames": 105,
            "last_IDframe": 1576,
            "total_labels": 11,
            "max_id_labels": 13,
            "unique_labels": "['Check pulse.' 'Check skin temperature/quality.'\n 'Look Listen Feel Breathing.' 'No step' 'Rake chest.'\n 'Rake the back and buttocks.' 'Roll over casualty.' 'Sweep left arm.'\n 'Sweep left leg.' 'Sweep right arm.' 'Sweep right leg.']",
            "unique_id_labels": "[ 1  2  3  4  5  6  7  8  9 10 13]"
        },
        "M1-7": {
            "duration_seconds": 151,
            "numberof_window_frames": 151,
            "last_IDframe": 4531,
            "total_labels": 1,
            "max_id_labels": 0,
            "unique_labels": "['No step']",
            "unique_id_labels": "[0]"
        },
        "M1-1": {
            "duration_seconds": 55,
            "numberof_window_frames": 55,
            "last_IDframe": 1370,
            "total_labels": 1,
            "max_id_labels": 0,
            "unique_labels": "['No step']",
            "unique_id_labels": "[0]"
        },
        "M1-6": {
            "duration_seconds": 34,
            "numberof_window_frames": 34,
            "last_IDframe": 1017,
            "total_labels": 1,
            "max_id_labels": 0,
            "unique_labels": "['No step']",
            "unique_id_labels": "[0]"
        }
    },
    "M5": {
        "M5-8": {
            "duration_seconds": 30,
            "numberof_window_frames": 30,
            "last_IDframe": 889,
            "total_labels": 6,
            "max_id_labels": 5,
            "unique_labels": "['Apply manual pressure if necessary.'\n 'Insert applicator into wound track as close to bleeding source as possible.'\n 'Insert plunger into applicator.' 'No step'\n 'Open inner packaging and remove applicator.'\n 'Push plunger firmly to deploy sponges into wound.']",
            "unique_id_labels": "[0 1 2 3 4 5]"
        },
        "20230712_100327_HoloLens": {
            "duration_seconds": 24,
            "numberof_window_frames": 25,
            "last_IDframe": 365,
            "total_labels": 6,
            "max_id_labels": 5,
            "unique_labels": "['Apply manual pressure if necessary.'\n 'Insert applicator into wound track as close to bleeding source as possible.'\n 'Insert plunger into applicator.' 'No step'\n 'Open inner packaging and remove applicator.'\n 'Push plunger firmly to deploy sponges into wound.']",
            "unique_id_labels": "[0 1 2 3 4 5]"
        },
        "M5-3": {
            "duration_seconds": 42,
            "numberof_window_frames": 42,
            "last_IDframe": 1259,
            "total_labels": 6,
            "max_id_labels": 5,
            "unique_labels": "['Apply manual pressure if necessary.'\n 'Insert applicator into wound track as close to bleeding source as possible.'\n 'Insert plunger into applicator.' 'No step'\n 'Open inner packaging and remove applicator.'\n 'Push plunger firmly to deploy sponges into wound.']",
            "unique_id_labels": "[0 1 2 3 4 5]"
        },
        "M5-4": {
            "duration_seconds": 44,
            "numberof_window_frames": 44,
            "last_IDframe": 1315,
            "total_labels": 6,
            "max_id_labels": 5,
            "unique_labels": "['Apply manual pressure if necessary.'\n 'Insert applicator into wound track as close to bleeding source as possible.'\n 'Insert plunger into applicator.' 'No step'\n 'Open inner packaging and remove applicator.'\n 'Push plunger firmly to deploy sponges into wound.']",
            "unique_id_labels": "[0 1 2 3 4 5]"
        },
        "M5-5": {
            "duration_seconds": 28,
            "numberof_window_frames": 29,
            "last_IDframe": 850,
            "total_labels": 5,
            "max_id_labels": 5,
            "unique_labels": "['Apply manual pressure if necessary.'\n 'Insert applicator into wound track as close to bleeding source as possible.'\n 'Insert plunger into applicator.' 'No step'\n 'Push plunger firmly to deploy sponges into wound.']",
            "unique_id_labels": "[1 2 3 4 5]"
        },
        "M5-2": {
            "duration_seconds": 35,
            "numberof_window_frames": 35,
            "last_IDframe": 1050,
            "total_labels": 6,
            "max_id_labels": 5,
            "unique_labels": "['Apply manual pressure if necessary.'\n 'Insert applicator into wound track as close to bleeding source as possible.'\n 'Insert plunger into applicator.' 'No step'\n 'Open inner packaging and remove applicator.'\n 'Push plunger firmly to deploy sponges into wound.']",
            "unique_id_labels": "[0 1 2 3 4 5]"
        },
        "20230712_100156_HoloLens": {
            "duration_seconds": 30,
            "numberof_window_frames": 31,
            "last_IDframe": 454,
            "total_labels": 6,
            "max_id_labels": 5,
            "unique_labels": "['Apply manual pressure if necessary.'\n 'Insert applicator into wound track as close to bleeding source as possible.'\n 'Insert plunger into applicator.' 'No step'\n 'Open inner packaging and remove applicator.'\n 'Push plunger firmly to deploy sponges into wound.']",
            "unique_id_labels": "[0 1 2 3 4 5]"
        },
        "M5-7": {
            "duration_seconds": 30,
            "numberof_window_frames": 30,
            "last_IDframe": 895,
            "total_labels": 6,
            "max_id_labels": 5,
            "unique_labels": "['Apply manual pressure if necessary.'\n 'Insert applicator into wound track as close to bleeding source as possible.'\n 'Insert plunger into applicator.' 'No step'\n 'Open inner packaging and remove applicator.'\n 'Push plunger firmly to deploy sponges into wound.']",
            "unique_id_labels": "[0 1 2 3 4 5]"
        },
        "M5-6": {
            "duration_seconds": 20,
            "numberof_window_frames": 20,
            "last_IDframe": 588,
            "total_labels": 5,
            "max_id_labels": 5,
            "unique_labels": "['Apply manual pressure if necessary.'\n 'Insert applicator into wound track as close to bleeding source as possible.'\n 'Insert plunger into applicator.' 'No step'\n 'Push plunger firmly to deploy sponges into wound.']",
            "unique_id_labels": "[1 2 3 4 5]"
        },
        "M5-1": {
            "duration_seconds": 32,
            "numberof_window_frames": 33,
            "last_IDframe": 970,
            "total_labels": 6,
            "max_id_labels": 5,
            "unique_labels": "['Apply manual pressure if necessary.'\n 'Insert applicator into wound track as close to bleeding source as possible.'\n 'Insert plunger into applicator.' 'No step'\n 'Open inner packaging and remove applicator.'\n 'Push plunger firmly to deploy sponges into wound.']",
            "unique_id_labels": "[0 1 2 3 4 5]"
        }
    },
    "R19": {
        "R19-5": {
            "duration_seconds": 59,
            "numberof_window_frames": 60,
            "last_IDframe": 1773,
            "total_labels": 7,
            "max_id_labels": 6,
            "unique_labels": "['Apply tape around catheter to secure it in place.'\n 'Insert needle into insertion site and leave for 5-10 seconds.'\n 'Locate insertion site at the second intercostal space at the midclavicular line.'\n 'No step' 'Prepare catheter and needle.'\n 'Remove needle, keeping catheter inside the patient.'\n 'Wipe the insertion site with an alcohol wipe.']",
            "unique_id_labels": "[0 1 2 3 4 5 6]"
        },
        "R19-2": {
            "duration_seconds": 75,
            "numberof_window_frames": 76,
            "last_IDframe": 2258,
            "total_labels": 7,
            "max_id_labels": 6,
            "unique_labels": "['Apply tape around catheter to secure it in place.'\n 'Insert needle into insertion site and leave for 5-10 seconds.'\n 'Locate insertion site at the second intercostal space at the midclavicular line.'\n 'No step' 'Prepare catheter and needle.'\n 'Remove needle, keeping catheter inside the patient.'\n 'Wipe the insertion site with an alcohol wipe.']",
            "unique_id_labels": "[0 1 2 3 4 5 6]"
        },
        "R19-10": {
            "duration_seconds": 44,
            "numberof_window_frames": 44,
            "last_IDframe": 1309,
            "total_labels": 6,
            "max_id_labels": 6,
            "unique_labels": "['Apply tape around catheter to secure it in place.'\n 'Insert needle into insertion site and leave for 5-10 seconds.'\n 'Locate insertion site at the second intercostal space at the midclavicular line.'\n 'No step' 'Prepare catheter and needle.'\n 'Remove needle, keeping catheter inside the patient.']",
            "unique_id_labels": "[0 2 3 4 5 6]"
        },
        "R19-3": {
            "duration_seconds": 57,
            "numberof_window_frames": 58,
            "last_IDframe": 1713,
            "total_labels": 7,
            "max_id_labels": 6,
            "unique_labels": "['Apply tape around catheter to secure it in place.'\n 'Insert needle into insertion site and leave for 5-10 seconds.'\n 'Locate insertion site at the second intercostal space at the midclavicular line.'\n 'No step' 'Prepare catheter and needle.'\n 'Remove needle, keeping catheter inside the patient.'\n 'Wipe the insertion site with an alcohol wipe.']",
            "unique_id_labels": "[0 1 2 3 4 5 6]"
        },
        "R19-4": {
            "duration_seconds": 68,
            "numberof_window_frames": 68,
            "last_IDframe": 2025,
            "total_labels": 7,
            "max_id_labels": 6,
            "unique_labels": "['Apply tape around catheter to secure it in place.'\n 'Insert needle into insertion site and leave for 5-10 seconds.'\n 'Locate insertion site at the second intercostal space at the midclavicular line.'\n 'No step' 'Prepare catheter and needle.'\n 'Remove needle, keeping catheter inside the patient.'\n 'Wipe the insertion site with an alcohol wipe.']",
            "unique_id_labels": "[0 1 2 3 4 5 6]"
        },
        "R19-9": {
            "duration_seconds": 41,
            "numberof_window_frames": 42,
            "last_IDframe": 1239,
            "total_labels": 6,
            "max_id_labels": 6,
            "unique_labels": "['Apply tape around catheter to secure it in place.'\n 'Insert needle into insertion site and leave for 5-10 seconds.'\n 'Locate insertion site at the second intercostal space at the midclavicular line.'\n 'No step' 'Prepare catheter and needle.'\n 'Remove needle, keeping catheter inside the patient.']",
            "unique_id_labels": "[0 2 3 4 5 6]"
        },
        "R19-8": {
            "duration_seconds": 51,
            "numberof_window_frames": 52,
            "last_IDframe": 1538,
            "total_labels": 6,
            "max_id_labels": 6,
            "unique_labels": "['Apply tape around catheter to secure it in place.'\n 'Insert needle into insertion site and leave for 5-10 seconds.'\n 'Locate insertion site at the second intercostal space at the midclavicular line.'\n 'No step' 'Prepare catheter and needle.'\n 'Remove needle, keeping catheter inside the patient.']",
            "unique_id_labels": "[0 2 3 4 5 6]"
        },
        "R19-6": {
            "duration_seconds": 54,
            "numberof_window_frames": 55,
            "last_IDframe": 1623,
            "total_labels": 7,
            "max_id_labels": 6,
            "unique_labels": "['Apply tape around catheter to secure it in place.'\n 'Insert needle into insertion site and leave for 5-10 seconds.'\n 'Locate insertion site at the second intercostal space at the midclavicular line.'\n 'No step' 'Prepare catheter and needle.'\n 'Remove needle, keeping catheter inside the patient.'\n 'Wipe the insertion site with an alcohol wipe.']",
            "unique_id_labels": "[0 1 2 3 4 5 6]"
        },
        "R19-1": {
            "duration_seconds": 95,
            "numberof_window_frames": 96,
            "last_IDframe": 2858,
            "total_labels": 7,
            "max_id_labels": 6,
            "unique_labels": "['Apply tape around catheter to secure it in place.'\n 'Insert needle into insertion site and leave for 5-10 seconds.'\n 'Locate insertion site at the second intercostal space at the midclavicular line.'\n 'No step' 'Prepare catheter and needle.'\n 'Remove needle, keeping catheter inside the patient.'\n 'Wipe the insertion site with an alcohol wipe.']",
            "unique_id_labels": "[0 1 2 3 4 5 6]"
        },
        "R19-7": {
            "duration_seconds": 56,
            "numberof_window_frames": 56,
            "last_IDframe": 1666,
            "total_labels": 6,
            "max_id_labels": 6,
            "unique_labels": "['Apply tape around catheter to secure it in place.'\n 'Insert needle into insertion site and leave for 5-10 seconds.'\n 'Locate insertion site at the second intercostal space at the midclavicular line.'\n 'No step' 'Prepare catheter and needle.'\n 'Remove needle, keeping catheter inside the patient.']",
            "unique_id_labels": "[0 2 3 4 5 6]"
        }
    },
    "M2": {
        "3_tourns_2": {
            "duration_seconds": 129,
            "numberof_window_frames": 129,
            "last_IDframe": 1934,
            "total_labels": 9,
            "max_id_labels": 8,
            "unique_labels": "['Apply strap to strap body.' 'Lock windless into the windless keeper.'\n 'Mark time on securing device strap with permanent marker.' 'No step'\n 'Place tourniquet over affected extremity 2-3 inches above wound site.'\n 'Pull remaining strap over the windless keeper.' 'Pull tourniquet tight.'\n 'Secure strap and windless keeper with keeper securing device.'\n 'Turn windless clock wise or counter clockwise until hemorrhage is controlled.']",
            "unique_id_labels": "[0 1 2 3 4 5 6 7 8]"
        },
        "20230403_094350_HoloLens": {
            "duration_seconds": 67,
            "numberof_window_frames": 68,
            "last_IDframe": 2019,
            "total_labels": 8,
            "max_id_labels": 8,
            "unique_labels": "['Apply strap to strap body.' 'Lock windless into the windless keeper.'\n 'Mark time on securing device strap with permanent marker.' 'No step'\n 'Place tourniquet over affected extremity 2-3 inches above wound site.'\n 'Pull tourniquet tight.'\n 'Secure strap and windless keeper with keeper securing device.'\n 'Turn windless clock wise or counter clockwise until hemorrhage is controlled.']",
            "unique_id_labels": "[0 1 2 3 4 6 7 8]"
        },
        "M2-4": {
            "duration_seconds": 56,
            "numberof_window_frames": 57,
            "last_IDframe": 1685,
            "total_labels": 7,
            "max_id_labels": 8,
            "unique_labels": "['Cinch tourniquet strap.' 'Lock windless into the windless keeper.'\n 'Mark time on securing device strap with permanent marker.' 'No step'\n 'Place tourniquet with over  effected extremity 2-3 inches above wound site.'\n 'Pull tourniquet tight.'\n 'Turn windless clock wise or counter clockwise until hemorrhage is controlled .']",
            "unique_id_labels": "[0 1 2 3 4 7 8]"
        },
        "M2-3": {
            "duration_seconds": 61,
            "numberof_window_frames": 62,
            "last_IDframe": 1836,
            "total_labels": 7,
            "max_id_labels": 8,
            "unique_labels": "['Cinch tourniquet strap.' 'Lock windless into the windless keeper.'\n 'Mark time on securing device strap with permanent marker.' 'No step'\n 'Place tourniquet with over  effected extremity 2-3 inches above wound site.'\n 'Pull tourniquet tight.'\n 'Turn windless clock wise or counter clockwise until hemorrhage is controlled .']",
            "unique_id_labels": "[0 1 2 3 4 7 8]"
        },
        "M2-2": {
            "duration_seconds": 71,
            "numberof_window_frames": 71,
            "last_IDframe": 2118,
            "total_labels": 7,
            "max_id_labels": 8,
            "unique_labels": "['Cinch tourniquet strap.' 'Lock windless into the windless keeper.'\n 'Mark time on securing device strap with permanent marker.' 'No step'\n 'Place tourniquet with over  effected extremity 2-3 inches above wound site.'\n 'Pull tourniquet tight.'\n 'Turn windless clock wise or counter clockwise until hemorrhage is controlled .']",
            "unique_id_labels": "[0 1 2 3 4 7 8]"
        },
        "M2-5": {
            "duration_seconds": 46,
            "numberof_window_frames": 46,
            "last_IDframe": 1369,
            "total_labels": 7,
            "max_id_labels": 8,
            "unique_labels": "['Cinch tourniquet strap.' 'Lock windless into the windless keeper.'\n 'Mark time on securing device strap with permanent marker.' 'No step'\n 'Place tourniquet with over  effected extremity 2-3 inches above wound site.'\n 'Pull tourniquet tight.'\n 'Turn windless clock wise or counter clockwise until hemorrhage is controlled .']",
            "unique_id_labels": "[0 1 2 3 4 7 8]"
        },
        "20230403_094735_HoloLens": {
            "duration_seconds": 55,
            "numberof_window_frames": 56,
            "last_IDframe": 1660,
            "total_labels": 8,
            "max_id_labels": 8,
            "unique_labels": "['Apply strap to strap body.' 'Lock windless into the windless keeper.'\n 'Mark time on securing device strap with permanent marker.' 'No step'\n 'Place tourniquet over affected extremity 2-3 inches above wound site.'\n 'Pull tourniquet tight.'\n 'Secure strap and windless keeper with keeper securing device.'\n 'Turn windless clock wise or counter clockwise until hemorrhage is controlled.']",
            "unique_id_labels": "[0 1 2 3 4 6 7 8]"
        },
        "M2-1": {
            "duration_seconds": 73,
            "numberof_window_frames": 73,
            "last_IDframe": 2184,
            "total_labels": 7,
            "max_id_labels": 8,
            "unique_labels": "['Cinch tourniquet strap.' 'Lock windless into the windless keeper.'\n 'Mark time on securing device strap with permanent marker.' 'No step'\n 'Place tourniquet with over  effected extremity 2-3 inches above wound site.'\n 'Pull tourniquet tight.'\n 'Turn windless clock wise or counter clockwise until hemorrhage is controlled .']",
            "unique_id_labels": "[0 1 2 3 4 7 8]"
        },
        "M2-6": {
            "duration_seconds": 50,
            "numberof_window_frames": 50,
            "last_IDframe": 1493,
            "total_labels": 7,
            "max_id_labels": 8,
            "unique_labels": "['Cinch tourniquet strap.' 'Lock windless into the windless keeper.'\n 'Mark time on securing device strap with permanent marker.' 'No step'\n 'Place tourniquet with over  effected extremity 2-3 inches above wound site.'\n 'Pull tourniquet tight.'\n 'Turn windless clock wise or counter clockwise until hemorrhage is controlled .']",
            "unique_id_labels": "[0 1 2 3 4 7 8]"
        },
        "3_tourns_1": {
            "duration_seconds": 133,
            "numberof_window_frames": 133,
            "last_IDframe": 1988,
            "total_labels": 9,
            "max_id_labels": 8,
            "unique_labels": "['Apply strap to strap body.' 'Lock windless into the windless keeper.'\n 'Mark time on securing device strap with permanent marker.' 'No step'\n 'Place tourniquet over affected extremity 2-3 inches above wound site.'\n 'Pull remaining strap over the windless keeper.' 'Pull tourniquet tight.'\n 'Secure strap and windless keeper with keeper securing device.'\n 'Turn windless clock wise or counter clockwise until hemorrhage is controlled.']",
            "unique_id_labels": "[0 1 2 3 4 5 6 7 8]"
        }
    },
    "M3": {
        "M3-5": {
            "duration_seconds": 93,
            "numberof_window_frames": 94,
            "last_IDframe": 2611,
            "total_labels": 6,
            "max_id_labels": 5,
            "unique_labels": "['Apply direct hand pressure.'\n 'Apply dressing with pressure point directly over wound site.' 'No step'\n 'Open dressing packaging.' 'Secure dressing with securing device.'\n 'Wrap dressing around effected area extremity or trunk with 80 percent elastic stretch.']",
            "unique_id_labels": "[0 1 2 3 4 5]"
        },
        "M3-2": {
            "duration_seconds": 117,
            "numberof_window_frames": 118,
            "last_IDframe": 3517,
            "total_labels": 1,
            "max_id_labels": 0,
            "unique_labels": "['No step']",
            "unique_id_labels": "[0]"
        },
        "pressure_1": {
            "duration_seconds": 56,
            "numberof_window_frames": 56,
            "last_IDframe": 841,
            "total_labels": 5,
            "max_id_labels": 5,
            "unique_labels": "['Apply direct hand pressure.'\n 'Apply dressing with pressure point directly over wound site.' 'No step'\n 'Open dressing packaging.'\n 'Wrap dressing around affected area extremity or trunk with 80 percent elastic stretch.']",
            "unique_id_labels": "[0 1 2 3 5]"
        },
        "M3-3": {
            "duration_seconds": 77,
            "numberof_window_frames": 78,
            "last_IDframe": 2324,
            "total_labels": 6,
            "max_id_labels": 5,
            "unique_labels": "['Apply direct hand pressure.'\n 'Apply dressing with pressure point directly over wound site.' 'No step'\n 'Open dressing packaging.' 'Secure dressing with securing device.'\n 'Wrap dressing around effected area extremity or trunk with 80 percent elastic stretch.']",
            "unique_id_labels": "[0 1 2 3 4 5]"
        },
        "M3-4": {
            "duration_seconds": 72,
            "numberof_window_frames": 72,
            "last_IDframe": 2154,
            "total_labels": 5,
            "max_id_labels": 5,
            "unique_labels": "['Apply direct hand pressure.'\n 'Apply dressing with pressure point directly over wound site.' 'No step'\n 'Secure dressing with securing device.'\n 'Wrap dressing around effected area extremity or trunk with 80 percent elastic stretch.']",
            "unique_id_labels": "[0 2 3 4 5]"
        },
        "M3-6": {
            "duration_seconds": 69,
            "numberof_window_frames": 70,
            "last_IDframe": 2083,
            "total_labels": 5,
            "max_id_labels": 5,
            "unique_labels": "['Apply direct hand pressure.'\n 'Apply dressing with pressure point directly over wound site.' 'No step'\n 'Secure dressing with securing device.'\n 'Wrap dressing around effected area extremity or trunk with 80 percent elastic stretch.']",
            "unique_id_labels": "[0 2 3 4 5]"
        },
        "M3-1": {
            "duration_seconds": 113,
            "numberof_window_frames": 114,
            "last_IDframe": 3400,
            "total_labels": 6,
            "max_id_labels": 5,
            "unique_labels": "['Apply direct hand pressure.'\n 'Apply dressing with pressure point directly over wound site.' 'No step'\n 'Open dressing packaging.' 'Secure dressing with securing device.'\n 'Wrap dressing around effected area extremity or trunk with 80 percent elastic stretch.']",
            "unique_id_labels": "[0 1 2 3 4 5]"
        },
        "pressure_2": {
            "duration_seconds": 54,
            "numberof_window_frames": 54,
            "last_IDframe": 806,
            "total_labels": 5,
            "max_id_labels": 5,
            "unique_labels": "['Apply direct hand pressure.'\n 'Apply dressing with pressure point directly over wound site.' 'No step'\n 'Open dressing packaging.'\n 'Wrap dressing around affected area extremity or trunk with 80 percent elastic stretch.']",
            "unique_id_labels": "[0 1 2 3 5]"
        },
        "20240411_072951_HoloLens": {
            "duration_seconds": 55,
            "numberof_window_frames": 55,
            "last_IDframe": 1649,
            "total_labels": 6,
            "max_id_labels": 5,
            "unique_labels": "['Apply direct hand pressure.'\n 'Apply dressing with pressure point directly over wound site.' 'No step'\n 'Open dressing packaging.' 'Secure dressing with securing device.'\n 'Wrap dressing around affected area extremity or trunk with 80 percent elastic stretch.']",
            "unique_id_labels": "[0 1 2 3 4 5]"
        },
        "20240411_073507_HoloLens": {
            "duration_seconds": 52,
            "numberof_window_frames": 53,
            "last_IDframe": 1569,
            "total_labels": 6,
            "max_id_labels": 5,
            "unique_labels": "['Apply direct hand pressure.'\n 'Apply dressing with pressure point directly over wound site.' 'No step'\n 'Open dressing packaging.' 'Secure dressing with securing device.'\n 'Wrap dressing around affected area extremity or trunk with 80 percent elastic stretch.']",
            "unique_id_labels": "[0 1 2 3 4 5]"
        }
    },
    "R18": {
        "R18-4": {
            "duration_seconds": 42,
            "numberof_window_frames": 42,
            "last_IDframe": 1257,
            "total_labels": 6,
            "max_id_labels": 5,
            "unique_labels": "['No step' 'Open vented chest seal package.'\n 'Peel away chest seal backer.'\n 'Place chest seal with circle of vents over wound site and seal to chest.'\n 'Wipe blood and body fluids from wound site.'\n 'With gloved hand, cover and seal wound site.']",
            "unique_id_labels": "[0 1 2 3 4 5]"
        },
        "R18-3": {
            "duration_seconds": 47,
            "numberof_window_frames": 48,
            "last_IDframe": 1413,
            "total_labels": 5,
            "max_id_labels": 5,
            "unique_labels": "['No step' 'Open vented chest seal package.'\n 'Peel away chest seal backer.'\n 'Place chest seal with circle of vents over wound site and seal to chest.'\n 'Wipe blood and body fluids from wound site.']",
            "unique_id_labels": "[1 2 3 4 5]"
        },
        "R18-2": {
            "duration_seconds": 50,
            "numberof_window_frames": 51,
            "last_IDframe": 1515,
            "total_labels": 6,
            "max_id_labels": 5,
            "unique_labels": "['No step' 'Open vented chest seal package.'\n 'Peel away chest seal backer.'\n 'Place chest seal with circle of vents over wound site and seal to chest.'\n 'Wipe blood and body fluids from wound site.'\n 'With gloved hand, cover and seal wound site.']",
            "unique_id_labels": "[0 1 2 3 4 5]"
        },
        "R18-5": {
            "duration_seconds": 48,
            "numberof_window_frames": 48,
            "last_IDframe": 1425,
            "total_labels": 6,
            "max_id_labels": 5,
            "unique_labels": "['No step' 'Open vented chest seal package.'\n 'Peel away chest seal backer.'\n 'Place chest seal with circle of vents over wound site and seal to chest.'\n 'Wipe blood and body fluids from wound site.'\n 'With gloved hand, cover and seal wound site.']",
            "unique_id_labels": "[0 1 2 3 4 5]"
        },
        "R18-8": {
            "duration_seconds": 83,
            "numberof_window_frames": 84,
            "last_IDframe": 2503,
            "total_labels": 6,
            "max_id_labels": 5,
            "unique_labels": "['No step' 'Open vented chest seal package.'\n 'Peel away chest seal backer.'\n 'Place chest seal with circle of vents over wound site and seal to chest.'\n 'Wipe blood and body fluids from wound site.'\n 'With gloved hand, cover and seal wound site.']",
            "unique_id_labels": "[0 1 2 3 4 5]"
        },
        "seal_2": {
            "duration_seconds": 38,
            "numberof_window_frames": 39,
            "last_IDframe": 573,
            "total_labels": 6,
            "max_id_labels": 5,
            "unique_labels": "['No step' 'Open vented chest seal package.'\n 'Peel away chest seal backer.'\n 'Place chest seal with circle of vents over wound site and seal to chest.'\n 'Wipe blood and body fluids from wound site.'\n 'With gloved hand, cover and seal wound site.']",
            "unique_id_labels": "[0 1 2 3 4 5]"
        },
        "seal_1": {
            "duration_seconds": 36,
            "numberof_window_frames": 36,
            "last_IDframe": 535,
            "total_labels": 6,
            "max_id_labels": 5,
            "unique_labels": "['No step' 'Open vented chest seal package.'\n 'Peel away chest seal backer.'\n 'Place chest seal with circle of vents over wound site and seal to chest.'\n 'Wipe blood and body fluids from wound site.'\n 'With gloved hand, cover and seal wound site.']",
            "unique_id_labels": "[0 1 2 3 4 5]"
        },
        "R18-7": {
            "duration_seconds": 51,
            "numberof_window_frames": 51,
            "last_IDframe": 1526,
            "total_labels": 6,
            "max_id_labels": 5,
            "unique_labels": "['No step' 'Open vented chest seal package.'\n 'Peel away chest seal backer.'\n 'Place chest seal with circle of vents over wound site and seal to chest.'\n 'Wipe blood and body fluids from wound site.'\n 'With gloved hand, cover and seal wound site.']",
            "unique_id_labels": "[0 1 2 3 4 5]"
        },
        "R18-1": {
            "duration_seconds": 74,
            "numberof_window_frames": 74,
            "last_IDframe": 2210,
            "total_labels": 6,
            "max_id_labels": 5,
            "unique_labels": "['No step' 'Open vented chest seal package.'\n 'Peel away chest seal backer.'\n 'Place chest seal with circle of vents over wound site and seal to chest.'\n 'Wipe blood and body fluids from wound site.'\n 'With gloved hand, cover and seal wound site.']",
            "unique_id_labels": "[0 1 2 3 4 5]"
        },
        "R18-6": {
            "duration_seconds": 44,
            "numberof_window_frames": 45,
            "last_IDframe": 1329,
            "total_labels": 6,
            "max_id_labels": 5,
            "unique_labels": "['No step' 'Open vented chest seal package.'\n 'Peel away chest seal backer.'\n 'Place chest seal with circle of vents over wound site and seal to chest.'\n 'Wipe blood and body fluids from wound site.'\n 'With gloved hand, cover and seal wound site.']",
            "unique_id_labels": "[0 1 2 3 4 5]"
        }
    },
    "A8": {
        "A8-7": {
            "duration_seconds": 44,
            "numberof_window_frames": 44,
            "last_IDframe": 1317,
            "total_labels": 5,
            "max_id_labels": 5,
            "unique_labels": "['Cover NPA with lube.'\n 'Insert NPA perpendicular to casualty nostril until flange meets tip of nose, rotating along the way.'\n 'Look, listen, and feel for airway compliance.' 'No step'\n 'Select NPA tube that best fits casualty.']",
            "unique_id_labels": "[0 2 3 4 5]"
        },
        "A8-6": {
            "duration_seconds": 49,
            "numberof_window_frames": 50,
            "last_IDframe": 1481,
            "total_labels": 5,
            "max_id_labels": 5,
            "unique_labels": "['Cover NPA with lube.'\n 'Insert NPA perpendicular to casualty nostril until flange meets tip of nose, rotating along the way.'\n 'Look, listen, and feel for airway compliance.' 'No step'\n 'Select NPA tube that best fits casualty.']",
            "unique_id_labels": "[0 2 3 4 5]"
        },
        "A8-1": {
            "duration_seconds": 52,
            "numberof_window_frames": 52,
            "last_IDframe": 1561,
            "total_labels": 6,
            "max_id_labels": 5,
            "unique_labels": "['Cover NPA with lube.'\n 'Insert NPA perpendicular to casualty nostril until flange meets tip of nose, rotating along the way.'\n 'Look, listen, and feel for airway compliance.' 'No step'\n \"Place casualty into 'sniffing position' with head tilted back and nostrils exposed.\"\n 'Select NPA tube that best fits casualty.']",
            "unique_id_labels": "[0 1 2 3 4 5]"
        },
        "A8-3": {
            "duration_seconds": 48,
            "numberof_window_frames": 49,
            "last_IDframe": 1447,
            "total_labels": 5,
            "max_id_labels": 5,
            "unique_labels": "['Cover NPA with lube.'\n 'Insert NPA perpendicular to casualty nostril until flange meets tip of nose, rotating along the way.'\n 'Look, listen, and feel for airway compliance.' 'No step'\n 'Select NPA tube that best fits casualty.']",
            "unique_id_labels": "[0 2 3 4 5]"
        },
        "A8-4": {
            "duration_seconds": 57,
            "numberof_window_frames": 58,
            "last_IDframe": 1712,
            "total_labels": 5,
            "max_id_labels": 5,
            "unique_labels": "['Cover NPA with lube.'\n 'Insert NPA perpendicular to casualty nostril until flange meets tip of nose, rotating along the way.'\n 'Look, listen, and feel for airway compliance.' 'No step'\n 'Select NPA tube that best fits casualty.']",
            "unique_id_labels": "[0 2 3 4 5]"
        },
        "A8-5": {
            "duration_seconds": 54,
            "numberof_window_frames": 55,
            "last_IDframe": 1622,
            "total_labels": 5,
            "max_id_labels": 5,
            "unique_labels": "['Cover NPA with lube.'\n 'Insert NPA perpendicular to casualty nostril until flange meets tip of nose, rotating along the way.'\n 'Look, listen, and feel for airway compliance.' 'No step'\n 'Select NPA tube that best fits casualty.']",
            "unique_id_labels": "[0 2 3 4 5]"
        },
        "A8-2": {
            "duration_seconds": 55,
            "numberof_window_frames": 55,
            "last_IDframe": 1647,
            "total_labels": 5,
            "max_id_labels": 5,
            "unique_labels": "['Cover NPA with lube.'\n 'Insert NPA perpendicular to casualty nostril until flange meets tip of nose, rotating along the way.'\n 'Look, listen, and feel for airway compliance.' 'No step'\n 'Select NPA tube that best fits casualty.']",
            "unique_id_labels": "[0 2 3 4 5]"
        },
        "A8-8": {
            "duration_seconds": 41,
            "numberof_window_frames": 42,
            "last_IDframe": 1234,
            "total_labels": 5,
            "max_id_labels": 5,
            "unique_labels": "['Cover NPA with lube.'\n 'Insert NPA perpendicular to casualty nostril until flange meets tip of nose, rotating along the way.'\n 'Look, listen, and feel for airway compliance.' 'No step'\n 'Select NPA tube that best fits casualty.']",
            "unique_id_labels": "[0 2 3 4 5]"
        },
        "A8-10": {
            "duration_seconds": 48,
            "numberof_window_frames": 48,
            "last_IDframe": 1438,
            "total_labels": 5,
            "max_id_labels": 5,
            "unique_labels": "['Cover NPA with lube.'\n 'Insert NPA perpendicular to casualty nostril until flange meets tip of nose, rotating along the way.'\n 'Look, listen, and feel for airway compliance.' 'No step'\n 'Select NPA tube that best fits casualty.']",
            "unique_id_labels": "[0 2 3 4 5]"
        },
        "A8-9": {
            "duration_seconds": 42,
            "numberof_window_frames": 42,
            "last_IDframe": 1250,
            "total_labels": 5,
            "max_id_labels": 5,
            "unique_labels": "['Cover NPA with lube.'\n 'Insert NPA perpendicular to casualty nostril until flange meets tip of nose, rotating along the way.'\n 'Look, listen, and feel for airway compliance.' 'No step'\n 'Select NPA tube that best fits casualty.']",
            "unique_id_labels": "[0 2 3 4 5]"
        }
    },
    "M4": {
        "M4-9": {
            "duration_seconds": 156,
            "numberof_window_frames": 156,
            "last_IDframe": 4679,
            "total_labels": 4,
            "max_id_labels": 3,
            "unique_labels": "['Apply direct hand pressure.' 'No step' 'Open dressing packaging.'\n 'Pack wound.']",
            "unique_id_labels": "[0 1 2 3]"
        },
        "M4-8": {
            "duration_seconds": 120,
            "numberof_window_frames": 120,
            "last_IDframe": 3601,
            "total_labels": 4,
            "max_id_labels": 3,
            "unique_labels": "['Apply direct hand pressure.' 'No step' 'Open dressing packaging.'\n 'Pack wound.']",
            "unique_id_labels": "[0 1 2 3]"
        },
        "M4-2": {
            "duration_seconds": 144,
            "numberof_window_frames": 144,
            "last_IDframe": 4308,
            "total_labels": 4,
            "max_id_labels": 3,
            "unique_labels": "['Apply direct hand pressure.' 'No step' 'Open dressing packaging.'\n 'Pack wound.']",
            "unique_id_labels": "[0 1 2 3]"
        },
        "M4-5": {
            "duration_seconds": 70,
            "numberof_window_frames": 70,
            "last_IDframe": 2101,
            "total_labels": 4,
            "max_id_labels": 3,
            "unique_labels": "['Apply direct hand pressure.' 'No step' 'Open dressing packaging.'\n 'Pack wound.']",
            "unique_id_labels": "[0 1 2 3]"
        },
        "M4-4": {
            "duration_seconds": 74,
            "numberof_window_frames": 75,
            "last_IDframe": 2235,
            "total_labels": 3,
            "max_id_labels": 3,
            "unique_labels": "['Apply direct hand pressure.' 'No step' 'Pack wound.']",
            "unique_id_labels": "[0 2 3]"
        },
        "M4-3": {
            "duration_seconds": 137,
            "numberof_window_frames": 138,
            "last_IDframe": 4117,
            "total_labels": 4,
            "max_id_labels": 3,
            "unique_labels": "['Apply direct hand pressure.' 'No step' 'Open dressing packaging.'\n 'Pack wound.']",
            "unique_id_labels": "[0 1 2 3]"
        },
        "M4-1": {
            "duration_seconds": 147,
            "numberof_window_frames": 147,
            "last_IDframe": 4399,
            "total_labels": 4,
            "max_id_labels": 3,
            "unique_labels": "['Apply direct hand pressure.' 'No step' 'Open dressing packaging.'\n 'Pack wound.']",
            "unique_id_labels": "[0 1 2 3]"
        },
        "M4-6": {
            "duration_seconds": 108,
            "numberof_window_frames": 108,
            "last_IDframe": 3228,
            "total_labels": 4,
            "max_id_labels": 3,
            "unique_labels": "['Apply direct hand pressure.' 'No step' 'Open dressing packaging.'\n 'Pack wound.']",
            "unique_id_labels": "[0 1 2 3]"
        },
        "M4-10": {
            "duration_seconds": 136,
            "numberof_window_frames": 136,
            "last_IDframe": 4068,
            "total_labels": 4,
            "max_id_labels": 3,
            "unique_labels": "['Apply direct hand pressure.' 'No step' 'Open dressing packaging.'\n 'Pack wound.']",
            "unique_id_labels": "[0 1 2 3]"
        },
        "M4-7": {
            "duration_seconds": 119,
            "numberof_window_frames": 120,
            "last_IDframe": 3582,
            "total_labels": 4,
            "max_id_labels": 3,
            "unique_labels": "['Apply direct hand pressure.' 'No step' 'Open dressing packaging.'\n 'Pack wound.']",
            "unique_id_labels": "[0 1 2 3]"
        }
    },
    "R16": {
        "R16-10": {
            "duration_seconds": 38,
            "numberof_window_frames": 39,
            "last_IDframe": 1142,
            "total_labels": 5,
            "max_id_labels": 5,
            "unique_labels": "['Attach mask to BVM and expand BVM to full size.' 'No step'\n 'Open the BVM packaging.'\n \"Place casualty into 'sniffing position' with head tilted back and nostrils exposed.\"\n 'Squeeze BVM while holding mask to patient\u2019s mouth.']",
            "unique_id_labels": "[0 1 2 4 5]"
        },
        "R16-5": {
            "duration_seconds": 45,
            "numberof_window_frames": 45,
            "last_IDframe": 1345,
            "total_labels": 6,
            "max_id_labels": 5,
            "unique_labels": "['Attach mask to BVM and expand BVM to full size.' 'No step'\n 'Open the BVM packaging.'\n \"Place casualty into 'sniffing position' with head tilted back and nostrils exposed.\"\n 'Place mask over patient\u2019s mouth in proper orientation.'\n 'Squeeze BVM while holding mask to patient\u2019s mouth.']",
            "unique_id_labels": "[0 1 2 3 4 5]"
        },
        "R16-2": {
            "duration_seconds": 34,
            "numberof_window_frames": 34,
            "last_IDframe": 1005,
            "total_labels": 5,
            "max_id_labels": 5,
            "unique_labels": "['Attach mask to BVM and expand BVM to full size.' 'No step'\n 'Open the BVM packaging.'\n 'Place mask over patient\u2019s mouth in proper orientation.'\n 'Squeeze BVM while holding mask to patient\u2019s mouth.']",
            "unique_id_labels": "[1 2 3 4 5]"
        },
        "R16-3": {
            "duration_seconds": 32,
            "numberof_window_frames": 33,
            "last_IDframe": 968,
            "total_labels": 6,
            "max_id_labels": 5,
            "unique_labels": "['Attach mask to BVM and expand BVM to full size.' 'No step'\n 'Open the BVM packaging.'\n \"Place casualty into 'sniffing position' with head tilted back and nostrils exposed.\"\n 'Place mask over patient\u2019s mouth in proper orientation.'\n 'Squeeze BVM while holding mask to patient\u2019s mouth.']",
            "unique_id_labels": "[0 1 2 3 4 5]"
        },
        "R16-4": {
            "duration_seconds": 44,
            "numberof_window_frames": 45,
            "last_IDframe": 1329,
            "total_labels": 6,
            "max_id_labels": 5,
            "unique_labels": "['Attach mask to BVM and expand BVM to full size.' 'No step'\n 'Open the BVM packaging.'\n \"Place casualty into 'sniffing position' with head tilted back and nostrils exposed.\"\n 'Place mask over patient\u2019s mouth in proper orientation.'\n 'Squeeze BVM while holding mask to patient\u2019s mouth.']",
            "unique_id_labels": "[0 1 2 3 4 5]"
        },
        "R16-9": {
            "duration_seconds": 41,
            "numberof_window_frames": 41,
            "last_IDframe": 1226,
            "total_labels": 5,
            "max_id_labels": 5,
            "unique_labels": "['Attach mask to BVM and expand BVM to full size.' 'No step'\n 'Open the BVM packaging.'\n 'Place mask over patient\u2019s mouth in proper orientation.'\n 'Squeeze BVM while holding mask to patient\u2019s mouth.']",
            "unique_id_labels": "[1 2 3 4 5]"
        },
        "R16-8": {
            "duration_seconds": 45,
            "numberof_window_frames": 46,
            "last_IDframe": 1355,
            "total_labels": 6,
            "max_id_labels": 5,
            "unique_labels": "['Attach mask to BVM and expand BVM to full size.' 'No step'\n 'Open the BVM packaging.'\n \"Place casualty into 'sniffing position' with head tilted back and nostrils exposed.\"\n 'Place mask over patient\u2019s mouth in proper orientation.'\n 'Squeeze BVM while holding mask to patient\u2019s mouth.']",
            "unique_id_labels": "[0 1 2 3 4 5]"
        },
        "R16-6": {
            "duration_seconds": 43,
            "numberof_window_frames": 43,
            "last_IDframe": 1281,
            "total_labels": 5,
            "max_id_labels": 5,
            "unique_labels": "['Attach mask to BVM and expand BVM to full size.' 'No step'\n 'Open the BVM packaging.'\n 'Place mask over patient\u2019s mouth in proper orientation.'\n 'Squeeze BVM while holding mask to patient\u2019s mouth.']",
            "unique_id_labels": "[1 2 3 4 5]"
        },
        "R16-1": {
            "duration_seconds": 42,
            "numberof_window_frames": 42,
            "last_IDframe": 1257,
            "total_labels": 5,
            "max_id_labels": 5,
            "unique_labels": "['Attach mask to BVM and expand BVM to full size.' 'No step'\n 'Open the BVM packaging.'\n 'Place mask over patient\u2019s mouth in proper orientation.'\n 'Squeeze BVM while holding mask to patient\u2019s mouth.']",
            "unique_id_labels": "[1 2 3 4 5]"
        },
        "R16-7": {
            "duration_seconds": 40,
            "numberof_window_frames": 40,
            "last_IDframe": 1186,
            "total_labels": 5,
            "max_id_labels": 5,
            "unique_labels": "['Attach mask to BVM and expand BVM to full size.' 'No step'\n 'Open the BVM packaging.'\n 'Place mask over patient\u2019s mouth in proper orientation.'\n 'Squeeze BVM while holding mask to patient\u2019s mouth.']",
            "unique_id_labels": "[1 2 3 4 5]"
        }
    }
}