{
    "omnivore": {
        "average_score": 0.2724818264034491,
        "boxplot": {
            "min": -0.8583717810463593,
            "q1": -0.03484860226935216,
            "median": 0.39306745472731675,
            "q3": 0.6005172172769111,
            "max": 0.8169086556114642
        },
        "skills": {
            "M5": {
                "average_score": 0.7608561566214875,
                "boxplot": {
                    "min": 0.02443794849390785,
                    "q1": 0.6938385547751318,
                    "median": 0.801751692661344,
                    "q3": 0.8240747624408029,
                    "max": 0.9883355598791624
                }
            },
            "M2": {
                "average_score": 0.7769321388149635,
                "boxplot": {
                    "min": -0.5542566985830587,
                    "q1": 0.7190805344550837,
                    "median": 0.777455375919734,
                    "q3": 0.9044695777578342,
                    "max": 0.9821073448315194
                }
            },
            "R16": {
                "average_score": 0.5092625218216421,
                "boxplot": {
                    "min": -0.6701230912706926,
                    "q1": 0.4150002389474209,
                    "median": 0.5744037142089068,
                    "q3": 0.618686067611706,
                    "max": 0.9956533422654917
                }
            },
            "M1": {
                "average_score": 0.73588140734871,
                "boxplot": {
                    "min": -0.2693897833391267,
                    "q1": 0.6405567311520024,
                    "median": 0.829731795117446,
                    "q3": 0.8611638299945688,
                    "max": 0.9997783257440249
                }
            },
            "M4": {
                "average_score": 0.68022007458243,
                "boxplot": {
                    "min": 0.2208644015384641,
                    "q1": 0.6092636919470007,
                    "median": 0.695437338001083,
                    "q3": 0.8288054164095666,
                    "max": 0.9980491484973941
                }
            },
            "M3": {
                "average_score": 0.4342529722280328,
                "boxplot": {
                    "min": -0.5568356256441168,
                    "q1": 0.29713460082499943,
                    "median": 0.47727307154548515,
                    "q3": 0.8035467532222157,
                    "max": 0.9887183552855154
                }
            },
            "R18": {
                "average_score": 0.6497925350388387,
                "boxplot": {
                    "min": 0.3127165711246545,
                    "q1": 0.5514808412713766,
                    "median": 0.6577613172526121,
                    "q3": 0.7085077985039419,
                    "max": 0.9450164314696516
                }
            },
            "A8": {
                "average_score": 0.4745848889786825,
                "boxplot": {
                    "min": -0.6850725981492887,
                    "q1": 0.582017215129336,
                    "median": 0.641104300866439,
                    "q3": 0.6795108233030389,
                    "max": 0.9845914380482055
                }
            },
            "R19": {
                "average_score": 0.9237602590353038,
                "boxplot": {
                    "min": 0.8781534629464943,
                    "q1": 0.9120388481309866,
                    "median": 0.921867241935203,
                    "q3": 0.9358750128322748,
                    "max": 0.992381552034641
                }
            }
        }
    },
    "slowfast": {
        "average_score": 0.10241961162016149,
        "boxplot": {
            "min": -0.8307692822288262,
            "q1": -0.30852325926922824,
            "median": 0.07280695842891821,
            "q3": 0.5780999831648954,
            "max": 0.7739096697059831
        },
        "skills": {
            "M5": {
                "average_score": 0.6748874585553661,
                "boxplot": {
                    "min": 0.19233297966509877,
                    "q1": 0.561332158321101,
                    "median": 0.6394046415304077,
                    "q3": 0.8603313229169012,
                    "max": 0.98515806380467
                }
            },
            "M2": {
                "average_score": 0.5696416684666248,
                "boxplot": {
                    "min": -0.616034749726698,
                    "q1": 0.5404114020451967,
                    "median": 0.6526759605136019,
                    "q3": 0.7313632430843309,
                    "max": 0.9684485808874027
                }
            },
            "R16": {
                "average_score": 0.8404339383778106,
                "boxplot": {
                    "min": 0.7025205103863557,
                    "q1": 0.8094162297248108,
                    "median": 0.8358681437420773,
                    "q3": 0.8591951474981058,
                    "max": 0.9576602112647581
                }
            },
            "M1": {
                "average_score": 0.8163080599162422,
                "boxplot": {
                    "min": -0.10321617886008884,
                    "q1": 0.7015133591190357,
                    "median": 0.8494304986105763,
                    "q3": 0.9656098290580492,
                    "max": 0.9980577770614771
                }
            },
            "M4": {
                "average_score": 0.6091005751005748,
                "boxplot": {
                    "min": -0.52137141361487,
                    "q1": 0.5891630491477113,
                    "median": 0.668116994751698,
                    "q3": 0.7056296303974189,
                    "max": 0.8556204487616726
                }
            },
            "M3": {
                "average_score": 0.7954989288264271,
                "boxplot": {
                    "min": -0.6478472679802609,
                    "q1": 0.7010593126679928,
                    "median": 0.8927679812630063,
                    "q3": 0.9080391007311382,
                    "max": 0.9320108660232043
                }
            },
            "R18": {
                "average_score": 0.7490360998775558,
                "boxplot": {
                    "min": 0.42806931833631806,
                    "q1": 0.7181877480315124,
                    "median": 0.7734583052253392,
                    "q3": 0.8053227244685786,
                    "max": 0.9999810196605181
                }
            },
            "R19": {
                "average_score": 0.9156399986227406,
                "boxplot": {
                    "min": 0.816569129358252,
                    "q1": 0.8953535727704617,
                    "median": 0.9120998928867737,
                    "q3": 0.960835929427718,
                    "max": 0.9869987313896721
                }
            }
        }
    },
    "avion": {
        "average_score": -0.10688598392513946,
        "boxplot": {
            "min": -0.8020370874521994,
            "q1": -0.22951592472509164,
            "median": -0.10814759427281909,
            "q3": 0.06369206391563062,
            "max": 0.33142144102345994
        },
        "skills": {
            "M5": {
                "average_score": 0.4664941853159013,
                "boxplot": {
                    "min": -0.6354286096576921,
                    "q1": 0.4321129706147744,
                    "median": 0.5733553630140604,
                    "q3": 0.6100126364349716,
                    "max": 0.8614219244718436
                }
            },
            "M2": {
                "average_score": 0.013727153600778853,
                "boxplot": {
                    "min": -0.8120131577984695,
                    "q1": -0.2000858648193962,
                    "median": 0.10513874611216475,
                    "q3": 0.25414042990880187,
                    "max": 0.8747303492445885
                }
            },
            "R16": {
                "average_score": 0.48878839992805295,
                "boxplot": {
                    "min": -0.6076356478777157,
                    "q1": 0.2743909307738952,
                    "median": 0.4431430131606895,
                    "q3": 0.8674761761788953,
                    "max": 0.9717616049223626
                }
            },
            "M1": {
                "average_score": 0.7185910454161011,
                "boxplot": {
                    "min": -0.759474447271323,
                    "q1": 0.5090102068264953,
                    "median": 0.8865772938144243,
                    "q3": 0.9726718433836427,
                    "max": 0.9955948965116045
                }
            },
            "M3": {
                "average_score": 0.17797103432845332,
                "boxplot": {
                    "min": -0.7682479534924991,
                    "q1": -0.06615707453797268,
                    "median": 0.3296074863862807,
                    "q3": 0.42788361058562885,
                    "max": 0.9250162892105639
                }
            },
            "R18": {
                "average_score": 0.28791526018416147,
                "boxplot": {
                    "min": -0.5735000488362447,
                    "q1": 0.1768770606656429,
                    "median": 0.29710759193446085,
                    "q3": 0.3670525367148854,
                    "max": 0.9240517664208476
                }
            },
            "A8": {
                "average_score": 0.3612905423598726,
                "boxplot": {
                    "min": -0.5773666672298587,
                    "q1": 0.12208725853569061,
                    "median": 0.4757487091169157,
                    "q3": 0.5320680550929862,
                    "max": 0.8838975095340383
                }
            },
            "R19": {
                "average_score": 0.4893294043751945,
                "boxplot": {
                    "min": -0.6155425822233185,
                    "q1": 0.41274021610853084,
                    "median": 0.5750225708383314,
                    "q3": 0.6284290131917407,
                    "max": 0.9023064577294906
                }
            }
        }
    }
}