{
    "omnivore": {
        "average_score": 0.10454800562036315,
        "boxplot": {
            "min": -0.7237228939233811,
            "q1": -0.2082766709123817,
            "median": 0.15914160168024294,
            "q3": 0.44656841275993353,
            "max": 0.6603949410994783
        },
        "skills": {
            "M5": {
                "average_score": 0.8840347845713391,
                "boxplot": {
                    "min": 0.16357191582200595,
                    "q1": 0.826735275023553,
                    "median": 0.9501129503668622,
                    "q3": 0.9811693668356247,
                    "max": 0.9861065104981035
                }
            },
            "M2": {
                "average_score": 0.9275521534143635,
                "boxplot": {
                    "min": 0.8227917118200577,
                    "q1": 0.9054516286655927,
                    "median": 0.9309611876722057,
                    "q3": 0.9504156115663844,
                    "max": 0.9868089393463682
                }
            },
            "R16": {
                "average_score": 0.8011623405235401,
                "boxplot": {
                    "min": 0.37994012633953045,
                    "q1": 0.7143560817061652,
                    "median": 0.822835127853777,
                    "q3": 0.9148569097431475,
                    "max": 0.9771084651150979
                }
            },
            "M1": {
                "average_score": 0.8523713989546102,
                "boxplot": {
                    "min": 0.2879263027755965,
                    "q1": 0.85585124956023,
                    "median": 0.9097896125102036,
                    "q3": 0.9511515049128483,
                    "max": 0.9928235376448822
                }
            },
            "M4": {
                "average_score": 0.8980557783157734,
                "boxplot": {
                    "min": 0.746614983349901,
                    "q1": 0.85218006495998,
                    "median": 0.9031040357576036,
                    "q3": 0.9573120343131889,
                    "max": 0.9915600047564626
                }
            },
            "M3": {
                "average_score": 0.8480039081366332,
                "boxplot": {
                    "min": 0.21569629301077278,
                    "q1": 0.7971060035739368,
                    "median": 0.8738021330053356,
                    "q3": 0.9414693279157692,
                    "max": 0.9882302268173369
                }
            },
            "R18": {
                "average_score": 0.9148840926685174,
                "boxplot": {
                    "min": 0.7470139703638149,
                    "q1": 0.8927606927534167,
                    "median": 0.925670952344979,
                    "q3": 0.9480263408620422,
                    "max": 0.9871693314123913
                }
            },
            "A8": {
                "average_score": 0.8073830324247023,
                "boxplot": {
                    "min": -0.13976058187587845,
                    "q1": 0.716752215340235,
                    "median": 0.8878040073603108,
                    "q3": 0.9248587683998668,
                    "max": 0.9701773945668937
                }
            },
            "R19": {
                "average_score": 0.8917979254738914,
                "boxplot": {
                    "min": 0.40766089881440787,
                    "q1": 0.8737139988625489,
                    "median": 0.9216481928423645,
                    "q3": 0.9526175271419399,
                    "max": 0.9952367215814192
                }
            }
        }
    },
    "slowfast": {
        "average_score": 0.17968376813499823,
        "boxplot": {
            "min": -0.7484903155364779,
            "q1": -0.1215255398771232,
            "median": 0.3017885213558181,
            "q3": 0.5220592075813169,
            "max": 0.6567077461883581
        },
        "skills": {
            "M5": {
                "average_score": 0.92820676477046,
                "boxplot": {
                    "min": 0.7345480113875644,
                    "q1": 0.9084781907191459,
                    "median": 0.9375393987249734,
                    "q3": 0.9637958317774479,
                    "max": 0.9995083902489592
                }
            },
            "M2": {
                "average_score": 0.9764803754355091,
                "boxplot": {
                    "min": 0.9593334456399694,
                    "q1": 0.9704830416344785,
                    "median": 0.9768695618066162,
                    "q3": 0.9830729619735934,
                    "max": 0.9904646683024328
                }
            },
            "R16": {
                "average_score": 0.7899272242398528,
                "boxplot": {
                    "min": -0.2250978159690959,
                    "q1": 0.7207789217714827,
                    "median": 0.82478382728769,
                    "q3": 0.8958755912399706,
                    "max": 0.9567356900790347
                }
            },
            "M1": {
                "average_score": 0.8006306320910552,
                "boxplot": {
                    "min": -0.09966250550210193,
                    "q1": 0.6888050623497504,
                    "median": 0.9114177525507368,
                    "q3": 0.9589213411293364,
                    "max": 0.9930105416664515
                }
            },
            "M4": {
                "average_score": 0.9193159689073478,
                "boxplot": {
                    "min": 0.742884937258882,
                    "q1": 0.8932670577324349,
                    "median": 0.9199944168540709,
                    "q3": 0.9631487757665517,
                    "max": 0.9959153198575701
                }
            },
            "M3": {
                "average_score": 0.8685568807662725,
                "boxplot": {
                    "min": 0.07447397319200671,
                    "q1": 0.8360212171168526,
                    "median": 0.9071038857476904,
                    "q3": 0.9532970724545372,
                    "max": 0.9907305982128217
                }
            },
            "R18": {
                "average_score": 0.8648928538700462,
                "boxplot": {
                    "min": 0.3691260078894163,
                    "q1": 0.8317398342739858,
                    "median": 0.9083954611365519,
                    "q3": 0.9361131448247983,
                    "max": 0.9930707148585936
                }
            },
            "A8": {
                "average_score": 0.8186371935956264,
                "boxplot": {
                    "min": 0.2270174920354856,
                    "q1": 0.7486967235023967,
                    "median": 0.8464579470671796,
                    "q3": 0.9225717476947299,
                    "max": 0.9825861947229341
                }
            },
            "R19": {
                "average_score": 0.8287814514704949,
                "boxplot": {
                    "min": 0.12442741725664276,
                    "q1": 0.7799064358075304,
                    "median": 0.8571937906964024,
                    "q3": 0.9280311937926223,
                    "max": 0.9948841745560117
                }
            }
        }
    },
    "avion": {
        "average_score": -0.04467407638871238,
        "boxplot": {
            "min": -0.7222572040169406,
            "q1": -0.20921885461158596,
            "median": -0.059437666153743025,
            "q3": 0.1103127428392909,
            "max": 0.4720898411310116
        },
        "skills": {
            "M5": {
                "average_score": 0.9877645145505057,
                "boxplot": {
                    "min": 0.9817304234322314,
                    "q1": 0.9851751829309667,
                    "median": 0.9892676127477803,
                    "q3": 0.9894602739800211,
                    "max": 0.992691468797836
                }
            },
            "R16": {
                "average_score": 0.8196979636529856,
                "boxplot": {
                    "min": 0.08706226203168481,
                    "q1": 0.8010691262218147,
                    "median": 0.8746084955081965,
                    "q3": 0.9004181910314597,
                    "max": 0.9920611235366334
                }
            },
            "M1": {
                "average_score": 0.6797850336540414,
                "boxplot": {
                    "min": -0.5748936182634868,
                    "q1": 0.599128944030101,
                    "median": 0.754847424314498,
                    "q3": 0.8275391930340661,
                    "max": 0.9990226628083467
                }
            },
            "M4": {
                "average_score": 0.992462817186995,
                "boxplot": {
                    "min": 0.9889247055959124,
                    "q1": 0.9908285562284882,
                    "median": 0.9932227680439638,
                    "q3": 0.9940032573079831,
                    "max": 0.9951842962337147
                }
            },
            "M3": {
                "average_score": 0.9570569335444921,
                "boxplot": {
                    "min": 0.853476032357753,
                    "q1": 0.9290329606668681,
                    "median": 0.9601326812760556,
                    "q3": 0.9919215210498824,
                    "max": 0.9984479381771413
                }
            },
            "R18": {
                "average_score": 0.9031734801778178,
                "boxplot": {
                    "min": 0.6996168861871066,
                    "q1": 0.8408095049289324,
                    "median": 0.9628439155814098,
                    "q3": 0.9756234759995703,
                    "max": 0.9951959539589316
                }
            },
            "A8": {
                "average_score": 0.9331224960311009,
                "boxplot": {
                    "min": 0.7380894827989308,
                    "q1": 0.8961454372365218,
                    "median": 0.9407060733590548,
                    "q3": 0.9866466559148612,
                    "max": 0.9943823398115706
                }
            },
            "R19": {
                "average_score": 0.9758944950920904,
                "boxplot": {
                    "min": 0.9586088242680934,
                    "q1": 0.9692464402777885,
                    "median": 0.9786381583322381,
                    "q3": 0.9832681611301491,
                    "max": 0.9858289902568543
                }
            }
        }
    }
}