{
    "omnivore": {
        "average_score": 0.03571568749006064,
        "boxplot": {
            "min": -0.7486575339221001,
            "q1": -0.2464912829075543,
            "median": -0.032646794548971333,
            "q3": 0.4716443705286619,
            "max": 0.7069922609741163
        },
        "skills": {
            "M5": {
                "average_score": 0.2969832126730843,
                "boxplot": {
                    "min": -0.7076210044923846,
                    "q1": 0.022039384669205894,
                    "median": 0.44345659499089074,
                    "q3": 0.5596384059452311,
                    "max": 0.9655637489458649
                }
            },
            "M2": {
                "average_score": 0.4393771720312536,
                "boxplot": {
                    "min": -0.7144796482936562,
                    "q1": 0.2883882365406879,
                    "median": 0.547233821887343,
                    "q3": 0.7281771188284103,
                    "max": 0.9264817081849012
                }
            },
            "R16": {
                "average_score": 0.27281926902321807,
                "boxplot": {
                    "min": -0.8169384699317095,
                    "q1": 0.14083096819931187,
                    "median": 0.3550973700418202,
                    "q3": 0.4771386516716682,
                    "max": 0.8711673989789211
                }
            },
            "M1": {
                "average_score": 0.7003178529404377,
                "boxplot": {
                    "min": -0.8481088773488237,
                    "q1": 0.6805593690346885,
                    "median": 0.8294374337165284,
                    "q3": 0.8613070350697487,
                    "max": 0.9493584380294501
                }
            },
            "M4": {
                "average_score": 0.1563507453480166,
                "boxplot": {
                    "min": -0.8472377137626759,
                    "q1": -0.012021272177655013,
                    "median": 0.2791127092141906,
                    "q3": 0.40508752638176077,
                    "max": 0.9148726671326386
                }
            },
            "M3": {
                "average_score": 0.24212353139285514,
                "boxplot": {
                    "min": -0.874556956881277,
                    "q1": -0.07745802531083151,
                    "median": 0.4005867545753647,
                    "q3": 0.5908051529921381,
                    "max": 0.8846606364747215
                }
            },
            "R18": {
                "average_score": 0.1563451166564769,
                "boxplot": {
                    "min": -0.8030307597853769,
                    "q1": -0.09772710427880577,
                    "median": 0.32244013516292525,
                    "q3": 0.4194673992880905,
                    "max": 0.9537925216746858
                }
            },
            "A8": {
                "average_score": 0.41387668530281296,
                "boxplot": {
                    "min": -0.7702532041068704,
                    "q1": 0.32550281971533673,
                    "median": 0.5151792651757774,
                    "q3": 0.5905484647310377,
                    "max": 0.904978731463307
                }
            },
            "R19": {
                "average_score": 0.09165408833774477,
                "boxplot": {
                    "min": -0.8949497689368627,
                    "q1": -0.18556694108562055,
                    "median": 0.2146574854235928,
                    "q3": 0.3846784969339672,
                    "max": 0.8914424334080576
                }
            }
        }
    },
    "slowfast": {
        "average_score": 0.01101249848301665,
        "boxplot": {
            "min": -0.6975838726134449,
            "q1": -0.3210673024240024,
            "median": -0.002308653735104651,
            "q3": 0.3773178312405635,
            "max": 0.6479410364353232
        },
        "skills": {
            "M1": {
                "average_score": 0.5275739538692429,
                "boxplot": {
                    "min": -0.7740518635072866,
                    "q1": 0.5082808536159381,
                    "median": 0.6180739479740704,
                    "q3": 0.6816358201568691,
                    "max": 0.9250101554691758
                }
            },
            "M4": {
                "average_score": 0.973653442069767,
                "boxplot": {
                    "min": 0.9547972010359056,
                    "q1": 0.9720926635959575,
                    "median": 0.9757498983081841,
                    "q3": 0.9771091600173725,
                    "max": 0.9819191480264603
                }
            }
        }
    },
    "avion": {
        "average_score": -0.07534033155499555,
        "boxplot": {
            "min": -0.7218982361861157,
            "q1": -0.2672224569022619,
            "median": -0.10842367108680774,
            "q3": 0.03483343420856798,
            "max": 0.591255915455331
        },
        "skills": {}
    }
}